product_id,category_id,discount_id,product_name,product_price,product_description,unit,value,product_code,created_date,product_detailed_description,product_additional_info
1,36,1,몰리스 애견 패드판 (49*40.5*4cm),9600,"강아지 배변 훈련에 최적화된 패드판으로, 안정적인 사용과 청소가 용이합니다.",X,1,Z3z001,2024.7.10,"반려견의 배변 훈련을 돕기 위해 설계된 패드판입니다. 견고한 소재로 제작되어 내구성이 뛰어나며, 패드가 흔들리지 않아 안정적으로 사용할 수 있습니다. 적당한 크기와 높이로 배변 패드를 안정적으로 고정시켜 청결한 환경을 유지할 수 있습니다. 반려견의 배변 습관을 교정하는 데 효과적이며, 편리한 사용으로 보호자에게도 유용한 제품입니다.",
2,12,1,더독 반려견용 치약 70g,5000,"자연 성분으로 만들어진 치약으로, 반려견의 치아와 잇몸을 건강하게 유지합니다.",g,70,D3z002,2024.7.11,"더독 반려견용 치약 70g은 반려견의 구강 건강을 위해 특별히 제작된 제품입니다. 구강 내 플라크와 치석 제거에 효과적이며, 입냄새를 줄여줍니다. 안전한 성분으로 만들어져 반려견이 삼켜도 무해합니다. 반려견이 좋아하는 맛으로 스트레스 없이 치아 관리를 할 수 있으며, 정기적으로 사용하면 반려견의 구강 건강을 유지하는 데 큰 도움이 됩니다. 칫솔과 함께 사용하여 최대의 효과를 누려보세요.",
3,16,1,동원 x 몰리스 러브투게더 고양이 습식캔 160g x 24입,26400,"고양이를 위한 고단백 습식캔, 맛과 영양이 풍부하여 건강한 식사를 제공합니다.",g,3840,C1z003,2024.7.12,"동원 x 몰리스 러브투게더 고양이 습식캔은 160g의 캔이 24개입으로 제공됩니다. 신선한 재료로 만든 습식 사료로, 고양이의 미각을 만족시킵니다. 균형 잡힌 영양과 부드러운 질감으로 고양이의 건강한 식사와 특별한 간식으로 적합합니다. 다양한 연령대의 고양이에게 적합한 제품입니다.",
4,4,1,프로발란스 관절강화 및 연골보호 전연령 2.6kg,15900,"모든 연령대의 반려견을 위한 관절과 연골 보호 사료로, 건강한 움직임을 지원합니다.",g,2600,D1z004,2024.7.13,"몰리스 프로발란스 관절강화 및 연골보호는 전 연령대의 반려견을 위한 특수 설계된 사료입니다. 이 사료는 관절 및 연골 건강을 지원하는 성분이 풍부하게 포함되어 있습니다. MSM, 글루코사민, 콘드로이틴이 함유되어 있어 관절 염증을 완화하고 연골의 재생을 돕습니다. 또한, 필수 비타민과 미네랄이 균형 잡힌 영양을 제공하여, 반려견의 전반적인 건강을 유지하는 데 기여합니다. 무첨가, 무방부제, 자연 재료를 사용하여 반려견의 건강과 맛을 동시에 고려하였습니다.",
5,2,1,프로발란스 어덜트 3kg,13700,"성견을 위한 영양 균형이 맞춰진 사료로, 건강하고 활기찬 삶을 유지하는 데 도움을 줍니다.",g,3000,D1a005,2024.7.14,"몰리스 프로발란스 어덜트 3kg으로 성견의 건강을 완벽하게 관리하세요! 이 사료는 균형 잡힌 영양 성분과 고단백 함량으로 성견의 건강을 지원하며, 소화가 잘 되는 재료로 편안한 소화를 돕습니다. 3kg의 용량으로 경제적이며, 성견의 건강을 고려한 최상의 선택입니다.",
6,2,1,프로발란스 어덜트 8kg,24500,"성견 전용 사료로, 풍부한 영양소와 맛을 제공하여 건강한 식습관을 유지합니다.",g,8000,D1a006,2024.7.15,"몰리스 프로발란스 어덜트 8kg은 성견을 위한 최적의 영양을 제공하는 프리미엄 사료입니다. 균형 잡힌 영양소와 고품질 단백질로 반려견의 건강과 활력을 증진시키며, 소화가 잘 되는 성분으로 소화기 건강을 지원합니다. 피부와 털 건강에 도움을 주는 오메가-3와 오메가-6 지방산이 함유되어 있습니다. 대형 포장으로 경제적이며, 여러 반려견을 키우는 가정에도 적합한 제품입니다.",
7,16,1,프로발란스 캣 전연령용 2kg,11600,"모든 연령대의 고양이를 위한 균형 잡힌 사료로, 전체적인 건강을 지원합니다.",g,2000,C1z007,2024.7.16,"몰리스 프로발란스 캣은 전 연령용으로 2kg의 대용량으로 제공되는 고양이 사료입니다. 다양한 연령대의 고양이에게 적합하며, 필수 영양소와 균형 잡힌 성분이 포함되어 있습니다. 건강한 식사와 영양 공급을 고려하여 만들어졌으며, 고양이의 건강을 지원하는 제품입니다.",
8,13,1,프로발란스 캣 키튼 1.5kg,11600,"성장기 고양이를 위한 영양이 풍부한 사료로, 건강한 성장을 돕습니다.",g,1500,C1j008,2024.7.17,"몰리스 프로발란스 캣 키튼 1.5kg은 성장기 고양이를 위한 특별한 사료입니다. 고단백, 저지방 설계로 성장 중인 고양이의 건강한 발달을 지원하며, 필수 아미노산과 비타민이 풍부합니다. 소화가 잘 되는 성분으로 위장에 부담을 주지 않으며, 맛있고 영양가 높은 식사로 고양이의 활력을 돕습니다. 균형 잡힌 영양이 제공되는 최적의 사료입니다.",
9,4,1,프로발란스 피부관리와 모질강화 전연령 2.6kg,15900,"피부와 털 건강을 위한 사료로, 윤기 나는 털과 건강한 피부를 유지하도록 돕습니다.",g,2600,D1z009,2024.7.18,"몰리스 프로발란스는 반려견의 피부 관리와 모질 강화를 위한 전연령 사료입니다. 오메가-3, 오메가-6 지방산이 풍부하여 반려견의 피부와 털을 건강하게 유지합니다. 2.6kg 대용량으로 경제적이며, 고품질 원료로 만들어져 소화가 잘 되고 기호성이 뛰어납니다.",
10,20,1,쉬바 참치 살코기와 통새우와 그레이비 소스 85g,2400,"참치와 통새우가 들어간 풍미 가득한 그레이비 소스, 고양이의 입맛을 사로잡는 간식입니다.",g,85,C2z010,2024.7.19,"쉬바 참치 살코기와 통새우가 함께 담긴 이 캔 사료는 85g의 소용량으로 제공됩니다. 신선한 참치와 통새우의 맛이 조화를 이루어 고양이의 입맛을 사로잡습니다. 그레이비 소스가 추가되어 더욱 풍부한 맛을 제공하며, 고양이의 간식이나 일상 식사로 적합한 제품입니다.",
11,20,1,쉬바 참치 흰 살과 도미와 그레이비 소스 85g,2400,"참치 흰 살과 도미를 조화롭게 섞은 그레이비 소스, 고양이에게 특별한 맛을 선사합니다.",g,85,C2z011,2024.7.20,"쉬바 참치 흰 살과 도미와 그레이비 소스는 고급 참치와 도미를 그레이비 소스와 함께 제공하는 고양이용 간식입니다. 85g의 용량으로 신선하게 급여할 수 있으며, 촉촉한 소스가 고양이의 입맛을 사로잡습니다. 필수 영양소가 포함되어 있어 건강 유지에 도움을 줍니다.",
12,20,1,위스카스 파우치 고등어80g,1200,"신선한 고등어로 만든 파우치, 고양이의 영양과 맛을 고려한 습식 캔입니다.",g,80,C2z012,2024.7.21,"위스카스 파우치는 고등어 맛이 가득한 고양이 간식입니다. 80g의 포장으로 신선한 고등어의 맛과 향을 고양이에게 제공합니다. 고단백 성분으로 영양가가 높으며, 고양이의 입맛을 사로잡는 맛있는 간식으로 적합합니다. 간식 시간이나 식사에 다양하게 활용할 수 있는 제품입니다.",
13,17,1,위스카스 파우치 주니어 고등어80g,1200,"성장기 고양이를 위한 고등어 맛 파우치, 풍부한 영양으로 건강한 성장을 돕습니다.",g,80,C2j013,2024.7.22,"위스카스 파우치 주니어 고등어 80g으로 고양이에게 풍부한 맛과 영양을! 신선한 고등어와 부드러운 소스가 조화를 이루어 고양이의 입맛을 사로잡습니다. 주니어 고양이를 위해 설계된 이 제품은 필수 영양소를 제공하며, 간편하게 급여할 수 있는 파우치 형태로 실용적입니다.",
14,13,1,위스카스 주니어 오션피쉬 1.1kg,11900,"성장기 고양이를 위한 오션피쉬 사료, 맛과 영양이 뛰어나 건강한 성장 지원합니다.",g,1100,C1j014,2024.7.23,"위스카스 whiskas 주니어 오션피쉬 1.1kg은 어린 고양이를 위한 균형 잡힌 영양 사료입니다. 신선한 오션피쉬가 주원료로 사용되어 단백질이 풍부하고, 성장기 고양이의 건강과 발육을 지원합니다. 필수 비타민과 미네랄이 함유되어 있어 면역력 증진과 피부 건강에 도움을 줍니다. 작은 알갱이 형태로 어린 고양이가 쉽게 먹을 수 있으며, 맛과 영양을 모두 갖춘 사료입니다.",
15,12,1,포비스 중대형견 전용 샴푸 & 린스,14000,"중대형견을 위한 샴푸와 린스, 부드러운 털과 상쾌한 향을 제공합니다.",ml,1000,D3z015,2024.7.24,"포비스 중대형견 전용 샴푸&린스는 중대형견의 피부와 털을 위한 전문 제품입니다. 고급 성분이 함유되어 있어 털을 부드럽고 윤기 있게 만들어 주며, 피부의 자극을 최소화합니다. 샴푸와 린스가 함께 포함되어 있어 세정과 컨디셔닝을 동시에 해결할 수 있습니다. 향기로운 향과 함께 강아지의 위생과 미용을 챙기기에 적합합니다.",
16,36,1,포비스 항균 탈취제 라임향 1000ml,9500,강력한 항균 효과와 상쾌한 라임향으로 반려동물과 공간을 청결하게 유지합니다.,ml,1000,Z3z016,2024.7.25,"포비스 항균 탈취제는 라임향으로 상쾌한 향기와 강력한 항균 효과를 제공합니다. 반려동물의 생활 공간을 깨끗하고 향기롭게 유지하는 데 도움을 줍니다. 1000ml 대용량으로 경제적이며, 사용이 간편한 스프레이 타입으로 각종 표면과 공간에 쉽게 적용할 수 있습니다.",
17,20,1,30days 닭가슴살 츄르 30개입,12000,"닭가슴살로 만든 츄르, 반려동물에게 건강한 간식과 영양을 제공합니다.",개,30,C2z017,2024.7.26,"30days 닭가슴살 츄르 30개입은 반려견을 위한 맛있는 간식입니다. 신선한 닭가슴살을 사용하여 만든 츄르 타입으로, 반려견이 쉽게 먹을 수 있습니다. 고단백 저지방 간식으로 체중 관리에 도움을 주며, 각 개별 포장으로 신선함을 유지합니다. 훈련 시 보상 간식으로 사용하기 좋고, 반려견의 기분 전환에도 이상적입니다. 간편하게 짜먹일 수 있는 형태로 외출 시에도 편리하게 급여할 수 있습니다.",
18,20,1,30days 연어 츄르 30개입,12000,"연어로 만든 츄르, 오메가-3와 맛을 더한 건강 간식입니다.",개,30,C2z018,2024.7.27,"30days 연어 츄르 30개입으로 반려동물의 간식 시간을 더욱 특별하게! 신선한 연어로 만들어진 이 츄르는 고단백과 풍부한 영양을 제공하며, 고양이의 입맛을 사로잡습니다. 30개입으로 넉넉한 양을 제공하여, 간식이나 훈련 보상으로 적합한 제품입니다.",
19,20,1,"60days 치킨, 연어, 참치 츄르 콤보 60개입",22000,"다양한 맛의 츄르 콤보, 반려동물의 기호에 맞는 맛과 영양을 제공합니다.",개,60,C2z019,2024.7.28,"60days 치킨, 연어, 참치 츄르 콤보 60개입으로 다양한 맛의 즐거움을 반려동물에게! 치킨, 연어, 참치 세 가지 맛을 한 번에 즐길 수 있어 반려동물의 입맛을 만족시킵니다. 각 츄르는 고단백이며 자연 재료로 만들어져 건강하고 맛있는 간식으로 적합합니다. 60개입으로 넉넉한 양을 제공하여 실용적입니다.",
20,14,1,ANF 고양이 참치게맛살캔 95g,1900,"고양이를 위한 참치와 게맛살의 조화, 맛있고 건강한 간식입니다.",g,95,C1a020,2024.7.29,"ANF 고양이참치게맛살캔은 참치와 게맛살을 사용한 고양이용 고급 캔 간식입니다. 95g의 용량으로 신선하게 제공되며, 고단백 저지방으로 고양이의 건강을 지원합니다. 맛과 영양이 풍부하여 기호성이 높으며, 특별한 간식 시간에 적합합니다.",
21,16,1,ANF 고양이 참치무스캔 95g,1900,"부드러운 참치 무스, 고양이의 입맛을 만족시킬 맛있는 간식입니다.",g,95,C1z021,2024.7.30,"ANF 고양이 참치 무스 캔 95g은 고양이를 위한 고급 간식으로, 신선한 참치로 만든 부드러운 무스 형태입니다. 고단백, 저지방 성분으로 고양이의 건강을 지원하며, 촉촉하고 부드러운 질감이 고양이의 미각을 자극합니다. 영양가가 풍부하고 소화가 잘 되는 제품으로, 고양이의 특별한 간식으로 적합합니다.",
22,16,1,ANF 고양이 참치새우캔 95g,1900,참치와 새우의 조합으로 고양이에게 풍부한 맛을 선사하는 캔입니다.,g,95,C1z022,2024.7.31,"ANF 고양이참치새우캔 95g은 고양이를 위한 고급 간식으로, 신선한 참치와 새우가 주요 성분입니다. 단백질과 오메가-3가 풍부하여 건강한 피부와 모발을 지원하며, 고양이의 미각을 만족시킬 수 있는 맛입니다. 소화가 잘 되며, 신선하고 부드러운 식감으로 고양이의 기호를 맞춘 간식입니다.",
23,16,1,ANF 고양이 참치연어캔 95g,1900,"참치와 연어를 혼합한 캔, 영양 가득한 고양이 간식입니다.",g,95,C1z023,2024.8.1,"ANF 고양이참치연어캔은 신선한 참치와 연어를 사용하여 만든 고양이용 간식입니다. 95g의 적당한 용량으로 제공되며, 고단백과 풍부한 오메가-3 지방산이 포함되어 있습니다. 고양이의 기호성을 높이며, 건강한 피부와 털을 유지하는 데 도움을 줍니다.",
24,20,1,ANF 고양이 참치치킨무스캔 95g,1900,"참치와 치킨이 조화를 이루는 무스, 고양이의 입맛을 사로잡는 간식입니다.",g,95,C2z024,2024.8.2,"ANF 고양이 참치 치킨 무스 캔은 95g의 소용량으로 고양이에게 풍부한 참치와 치킨 맛을 제공합니다. 부드럽고 크리미한 질감이 고양이의 입맛을 사로잡으며, 영양가가 높아 일상 간식이나 식사로 적합합니다. 고양이의 건강과 미각을 모두 고려한 제품입니다.",
25,20,1,ANF 고양이 참치순살캔 95g,1900,"순살 참치로 만든 고양이 캔, 맛과 영양을 동시에 제공합니다.",g,95,C2z025,2024.8.3,"참치 순살이 가득한 이 캔 사료는 고양이들이 좋아하는 맛을 제공합니다. 95g의 소용량으로 신선한 참치의 자연스러운 맛과 향을 그대로 담아내어 고양이의 입맛을 사로잡습니다. 영양가가 높아 균형 잡힌 식사로 적합하며, 고양이의 건강을 고려한 제품입니다. 특별한 간식이나 일상 식사로 제공하기 좋습니다.",
26,20,1,ANF 치킨야채캔 95g,1900,"치킨과 야채가 풍부하게 들어간 캔, 균형 잡힌 영양을 제공합니다.",g,95,C2z026,2024.8.4,"ANF 치킨 야채 캔은 고양이를 위한 95g의 영양 가득한 사료입니다. 신선한 치킨과 다양한 야채가 풍부하게 포함되어 있으며, 균형 잡힌 영양을 제공합니다. 부드럽고 맛있는 무스 형태로, 고양이의 입맛을 사로잡습니다. 이 캔 사료는 일상 식사나 특별한 간식으로 적합하며, 고양이의 건강을 고려하여 만들어진 제품입니다.",
27,8,1,DTC 소고기 단호박 져키 200g,4500,"소고기와 단호박으로 만든 건강한 져키, 반려동물의 간식으로 최적입니다.",g,200,D2z027,2024.8.5,"DTC 소고기 단호박 져키 200g은 반려견을 위한 건강한 간식입니다. 소고기와 단호박이 조화를 이루어 풍부한 맛과 영양을 제공합니다. 고단백과 식이섬유가 풍부하여 반려견의 소화와 건강을 지원합니다. 200g의 실용적인 패키지로 간편하게 급여할 수 있으며, 씹는 재미를 더해줍니다.",
28,8,1,DTC 오리 단호박 져키 200g,4500,"오리와 단호박을 조합한 져키, 맛있고 영양가 높은 간식입니다.",g,200,D2z028,2024.7.10,"DTC 오리 단호박 져키 200G는 반려견을 위한 맛있는 간식으로, 오리 고기와 단호박의 조화가 매력적입니다. 고단백 오리 고기는 육질이 부드럽고 영양가가 높으며, 단호박은 소화에 도움을 주고 비타민이 풍부합니다. 인공 첨가물 없이 자연 재료만을 사용해 건강을 고려한 간식으로, 반려견의 씹는 재미와 영양을 동시에 제공합니다.",
29,8,1,KURU Natural 밀크본S 4P 130g,5000,"천연 재료로 만든 밀크본, 반려동물의 치아 건강을 지원합니다.",g,130,D2z029,2024.7.11,"밀크본S는 고소한 밀크 맛의 간식으로, 반려견의 치아 건강을 고려하여 제작된 제품입니다. 부드러운 질감과 높은 영양가로 간식과 보상으로 적합하며, 4P 패키지로 제공되어 경제적입니다. 130g의 대용량으로 매일 간식으로 주기에 적합하며, 반려견의 입맛을 사로잡는 맛과 질감이 특징입니다. 건강과 맛을 동시에 충족시키는 제품입니다.",
30,36,1,슬리커 브러쉬 M,13000,"반려동물의 털을 부드럽게 정리해주는 슬리커 브러쉬, 엉킴을 방지합니다.",X,1,Z3z030,2024.7.12,"슬리커 브러쉬 M은 반려동물의 털 관리에 유용한 브러쉬입니다. 중간 크기의 브러쉬로, 다양한 털 길이에 적합하며, 부드럽고 효과적으로 엉킨 털을 제거합니다. 인체공학적인 손잡이로 편안한 그립감을 제공하며, 반려동물의 털을 깨끗하고 건강하게 유지하는 데 도움을 줍니다.",
31,8,1,Natural 밀크스틱 4P 60g,3600,"천연 재료로 만들어진 밀크스틱, 반려동물의 간식과 치아 관리에 좋습니다.",g,60,D2z031,2024.7.13,"Natural 밀크스틱은 4P 패키지로 60g이 들어 있는 제품입니다. 우유 맛이 가미된 스틱 형태의 간식으로, 반려견의 치아 건강과 영양을 동시에 고려한 제품입니다. 씹는 재미와 함께 영양소를 공급하여 건강한 간식 시간을 제공합니다. 매일 급여하기 적합한 제품입니다.",
32,8,1,Natural 밀크스틱 6P,4100,"맛과 영양이 가득한 밀크스틱, 반려동물의 건강과 만족도를 높입니다.",g,40,D2z032,2024.7.14,"Natural 밀크스틱 6P는 우유 맛의 간식이 6개입으로 제공됩니다. 반려견의 치아 건강을 고려하여 특별히 설계된 제품으로, 씹는 동안 자연스럽게 치아를 관리할 수 있습니다. 영양이 풍부하며, 간식 시간에 적합한 제품입니다. 맛과 건강을 동시에 충족시켜 줍니다.",
33,16,1,New 캐츠랑 전연령 2kg,14700,"모든 연령대의 고양이를 위한 균형 잡힌 사료, 건강한 식습관을 지원합니다.",g,2000,C1z033,2024.7.15,"전 연령층의 고양이를 위한 이 사료는 2kg 대용량으로 제공되며, 균형 잡힌 영양과 맛을 제공합니다. 다양한 연령대의 고양이에게 적합하며, 필요한 모든 영양소를 함유하고 있습니다. 고양이의 건강한 성장과 활력을 지원하며, 일상 식사로 제공하기 좋습니다.",
34,13,1,New 캐츠랑 키튼 2kg,15700,"성장기 고양이를 위한 영양가 높은 사료, 건강한 성장을 돕습니다.",g,2000,C1j034,2024.7.16,"New캐츠랑 키튼 2kg로 고양이의 성장과 건강을 챙기세요! 이 사료는 새끼 고양이의 영양 요구를 충족시키기 위해 설계된 제품으로, 높은 단백질과 필수 비타민이 포함되어 있습니다. 부드럽고 소화가 잘 되는 성분으로 성장기 고양이의 건강을 지원하며, 맛있고 균형 잡힌 식사를 제공합니다.",
35,21,1,플라잉피쉬 낚시대,3900,"고양이의 사냥 본능을 자극하는 낚시대, 재미있고 활동적인 놀이를 제공합니다.",X,1,C3j035,2024.7.17,"SZ 플라잉피쉬 낚시대는 고양이와의 놀이 시간을 더욱 즐겁게 만들어주는 장난감입니다. 물고기 모양의 장난감이 달려 있어 고양이의 사냥 본능을 자극하며, 튼튼한 낚시대와 긴 끈으로 안전하고 재미있게 놀아줄 수 있습니다. 고양이의 운동과 스트레스 해소에 도움을 줍니다.",
36,8,1,THINK YOUR DOG TEETH 소가죽 우유껌 3P,6900,"소가죽과 우유로 만든 껌, 강아지의 치아 건강을 유지하는 데 도움을 줍니다.",개,3,D2z036,2024.7.18,"THINK YOUR DOG TEETH 소가죽 우유껌 3P는 반려견의 구강 건강을 위한 특별한 간식입니다. 고품질 소가죽과 우유를 사용하여 만들어져 씹는 동안 치석과 플라크 제거에 도움을 줍니다. 입냄새를 줄여주고, 반려견의 치아와 잇몸을 건강하게 유지하는 데 효과적입니다. 안전한 성분으로 만들어져 반려견이 안심하고 먹을 수 있습니다. 하루 한 번, 반려견의 구강 건강을 관리하는 데 이상적인 간식입니다.",
37,8,1,THINK YOUR DOG TEETH 소가죽 우유껌 6P,6900,"소가죽과 우유로 만든 다수의 껌, 강아지의 치아와 즐거운 간식을 제공합니다.",개,6,D2z037,2024.7.19,"THINK YOUR DOG TEETH 소가죽 우유껌 6P로 반려견의 치아 건강을 챙기세요! 소가죽과 우유로 만들어진 이 껌은 씹는 동안 치아 사이의 플라크와 타르타르를 효과적으로 제거해주며, 입냄새를 상쾌하게 유지해줍니다. 씹기 좋은 질감과 맛으로 반려견이 즐겁게 간식 시간을 보낼 수 있습니다. 6P로 넉넉하게 사용할 수 있어 경제적입니다.",
38,12,1,강아지 바비큐 장난감,2000,"바비큐 모양의 장난감, 강아지의 호기심을 자극하고 즐거운 놀이를 제공합니다.",X,1,D3z038,2024.7.20,"강아지 바비큐 장난감으로 반려견의 놀이 시간을 더욱 즐겁게! 바비큐 모양의 장난감은 씹기 좋고 튼튼한 재질로 만들어져 반려견이 오랜 시간 즐겁게 놀 수 있습니다. 장난감의 질감과 디자인이 강아지의 관심을 끌며, 놀이와 운동을 통해 스트레스를 해소하는 데 도움을 줍니다.",
39,12,1,개찹 애견장난감,5500,다양한 놀이로 강아지의 에너지를 소모하고 재미를 선사하는 장난감입니다.,X,1,D3z039,2024.7.21,"개찹 애견장난감은 반려견의 놀이와 운동을 위한 다양한 기능을 제공하는 장난감입니다. 내구성이 강한 소재로 제작되어 오랜 사용이 가능하며, 치아 건강과 정신적 자극을 제공합니다. 다양한 형태와 색상으로 반려견의 흥미를 유도하며, 신체 활동을 촉진합니다. 놀이 시간 동안 반려견의 스트레스를 줄여주고, 활동적인 생활을 유지하는 데 도움을 줍니다.",
40,8,1,건강백서 건강까지 챙기는 쌀로 만든 껌 120g,7150,"쌀로 만든 껌으로, 건강을 고려하여 설계된 간식입니다.",g,120,D2z040,2024.7.22,"건강백서 건강까지 챙기는 쌀로 만든 껌 120g으로 반려동물의 건강을 고려한 간식! 쌀을 주원료로 사용하여 소화가 잘 되며, 씹는 동안 치아 건강을 유지하는 데 도움을 줍니다. 부드러운 식감과 맛있는 맛으로 반려동물의 간식 시간에 즐거움을 더해줍니다.",
41,3,1,건강백서 건강한 6세+ 2kg,26300,"6세 이상의 반려견을 위한 영양이 균형 잡힌 사료로, 건강한 노후를 지원합니다.",g,2000,D1s041,2024.7.23,"나이가 많은 반려동물을 위한 건강백서 건강한 6세+ 2kg! 이 사료는 6세 이상의 성숙한 반려동물을 위한 특별한 영양 설계로, 노화에 따라 필요해지는 영양소를 균형 있게 제공합니다. 소화가 잘 되고, 면역력 강화에 도움을 주는 성분이 포함되어 있어 건강한 노후를 지원합니다. 맛있고 건강한 식사로 반려동물의 삶의 질을 향상시켜 보세요.",
42,3,1,건강백서 건강한 6세+ 6kg,65100,"6세 이상의 반려견을 위한 대용량 사료로, 노후 건강을 종합적으로 지원합니다.",g,6000,D1s042,2024.7.24,"건강백서 건강한 6세+ 사료는 6kg 대용량으로 제공되는 반려견 사료입니다. 6세 이상의 반려견을 위한 특수 조정된 영양 성분이 포함되어 있으며, 나이에 맞는 건강을 지원합니다. 관절 건강과 소화 기능을 개선하는 데 도움을 주며, 일상적인 식사로 적합한 제품입니다.",
43,4,1,건강백서 건강한 관절 2kg,26300,"관절 건강을 고려한 사료로, 연골과 관절을 보호하여 활동적인 생활을 돕습니다.",g,2000,D1z043,2024.7.25,"건강백서 건강한 관절 2kg은 반려견의 관절 건강을 위한 특별한 사료입니다. 글루코사민과 콘드로이틴이 함유되어 있어 관절과 연골을 보호하고 강화합니다. 고품질 단백질과 필수 비타민, 미네랄이 균형 있게 포함되어 있어 반려견의 전반적인 건강을 지원합니다. 소화가 잘 되는 성분들로 구성되어 있어 소화기 건강에도 도움을 줍니다. 정기적으로 급여하면 반려견의 관절 건강을 효과적으로 관리할 수 있습니다.",
44,3,1,건강백서 건강한 스트레스 2kg,26300,"스트레스 완화에 도움을 주는 사료로, 안정적이고 편안한 생활을 지원합니다.",g,2000,D1s044,2024.7.26,"건강백서 건강한 스트레스는 2kg 대용량으로 제공되는 반려견 사료입니다. 스트레스 완화와 심리적 안정에 도움을 주는 성분이 포함되어 있습니다. 고단백과 영양가가 풍부하여 반려견의 건강과 행복을 고려한 제품으로, 일상 식사로 적합합니다. 반려견의 심리적 안정과 건강을 지원합니다.",
45,4,1,건강백서 건강한 체중 2kg,26300,"체중 관리가 필요한 반려견을 위한 저칼로리 사료로, 건강한 체중을 유지하도록 돕습니다.",g,2000,D1z045,2024.7.27,"건강백서 건강한 체중 사료는 체중 관리를 위한 고급 반려견용 사료입니다. 2kg의 대용량으로 제공되며, 저지방 고단백으로 체중 조절에 도움을 줍니다. 소화가 잘 되는 재료와 풍부한 영양소가 포함되어 있어 반려견의 건강을 유지하는 데 이상적입니다.",
46,4,1,건강백서 건강한 피부 2kg,26300,"피부와 털 건강을 위한 사료로, 윤기 나는 털과 건강한 피부를 유지합니다.",g,2000,D1z046,2024.7.28,"건강백서 건강한 피부 2kg으로 반려동물의 피부와 털을 건강하게 관리하세요! 이 사료는 피부와 모질 건강을 위해 특별히 설계된 영양 성분을 포함하고 있으며, 비타민과 오메가-3 지방산이 풍부하여 건강한 피부와 윤기 있는 털을 유지하는 데 도움을 줍니다. 2kg의 용량으로 장기간 사용 가능합니다.",
47,4,1,건강백서 건강한 피부 6kg,65100,"피부와 털 건강을 위한 대용량 사료로, 건강한 피부와 윤기 있는 털을 유지합니다.",g,6000,D1z047,2024.7.29,"건강백서 건강한 피부 사료는 반려견의 피부 건강을 위한 고급 사료입니다. 6kg의 대용량으로 제공되며, 피부와 털 건강을 지원하는 비타민과 오메가-3 지방산이 포함되어 있습니다. 소화가 잘 되는 재료로 제조되어 피부 염증을 예방하고 건강한 털을 유지합니다.",
48,7,1,건강백서 노릇노릇 고구마와 닭고기 120g,7150,"고구마와 닭고기로 맛을 낸 간식, 영양가와 맛이 풍부합니다.",g,120,D2s048,2024.7.30,"건강백서 노릇노릇 고구마와 닭고기는 120g의 패키지로 제공되는 반려견 간식입니다. 고구마와 닭고기의 조화로운 맛이 반려견의 입맛을 돋우어 주며, 건강한 성분으로 만들어졌습니다. 씹기 좋은 질감과 영양가로 간식 시간이나 훈련 보상으로 적합한 제품입니다.",
49,7,1,건강백서 똑자른 닭고기 160g,7150,"닭고기로 만들어진 간식, 간편하게 잘라 먹을 수 있는 형태입니다.",g,160,D2s049,2024.7.31,"건강백서 똑자른 닭고기 160g으로 반려동물의 간식 시간을 건강하게! 신선한 닭고기를 적당한 크기로 썰어 부드럽고 먹기 좋으며, 고단백 간식으로 반려동물의 에너지를 채워줍니다. 160g의 양으로 넉넉하게 간식으로 제공할 수 있는 실용적인 제품입니다.",
50,2,1,건강백서 말티즈 2kg,28500,"말티즈를 위한 맞춤형 사료로, 영양이 풍부하여 건강한 성장과 유지에 도움을 줍니다.",g,2000,D1a050,2024.8.1,"건강백서 말티즈는 말티즈 전용으로 설계된 고급 사료입니다. 영양 균형을 고려하여 말티즈의 건강과 활력을 유지하도록 돕습니다. 소화가 잘되는 고급 단백질과 필수 영양소를 함유하여 피부와 털 건강을 지키고, 작은 알갱이로 말티즈의 섭취를 용이하게 합니다. 반려견의 행복한 삶을 위해 꼭 필요한 선택입니다.",
51,8,1,건강백서 베지버거 100g,3080,"야채와 버거 형태로 만든 간식, 영양과 맛을 균형 있게 제공합니다.",g,100,D2z051,2024.8.2,"건강백서 베지버거 100g은 반려견을 위한 건강한 간식입니다. 채소를 주원료로 하여 저칼로리이면서도 영양이 풍부하여 다이어트 중인 반려견에게 이상적입니다. 고소한 맛과 식감으로 반려견의 입맛을 만족시키며, 소화가 잘 되는 성분으로 민감한 반려견도 안심하고 먹을 수 있습니다. 휴대하기 좋은 크기와 포장으로 외출 시에도 간편하게 챙길 수 있습니다.",
52,8,1,건강백서 부드러운 식감의 오리고기 160g,7150,"부드러운 식감의 오리고기로 만든 간식, 반려견의 기호에 맞는 간식입니다.",g,160,D2z052,2024.8.3,"건강백서 부드러운 식감의 오리고기 160g은 반려견을 위한 프리미엄 간식입니다. 신선한 오리고기를 사용하여 부드럽고 촉촉한 식감을 제공하며, 고단백 저지방으로 반려견의 건강을 지원합니다. 자연 그대로의 맛과 향을 담아 까다로운 입맛의 반려견도 만족시킵니다. 인공 첨가물이 없어 안전하며, 훈련 간식이나 특별한 보상 간식으로 이상적입니다. 소화가 잘 되어 반려견의 소화기 건강에도 도움이 됩니다.",
53,8,1,건강백서 야들야들 소고기 120g,7150,"소고기로 만든 간식, 부드럽고 맛있는 간식으로 반려견의 건강을 챙깁니다.",g,120,D2z053,2024.8.4,"반려동물의 간식 시간을 더욱 특별하게 만들어 줄 건강백서 야들야들 소고기 120g! 부드러운 소고기 조각이 고단백 간식으로 반려동물의 입맛을 사로잡습니다. 신선한 재료로 만들어져 영양이 풍부하며, 씹기 좋은 식감으로 치아 건강을 돕습니다. 간편한 급여로 훈련이나 보상 간식으로 적합합니다.",
54,8,1,건강백서 야들야들 쫀득한 닭고기 120g,7150,"쫀득한 식감의 닭고기로 만든 간식, 반려견의 입맛을 사로잡는 간식입니다.",g,120,D2z054,2024.8.5,"건강백서 야들야들 쫀득한 닭고기는 신선한 닭고기를 사용하여 만든 반려견 간식입니다. 120g의 적당한 용량으로 부드럽고 쫀득한 식감이 특징입니다. 자연 재료만으로 제조되어 인공 첨가물이 없으며, 건강한 단백질 공급원으로 반려견의 기호성을 높이고 간식 시간을 더욱 즐겁게 만들어줍니다.",
55,8,1,건강백서 얇게 썰어 먹기 좋은 닭고기 120g,8030,"얇게 썰어 먹기 좋은 닭고기로, 편리하게 간식 시간을 즐길 수 있습니다.",g,120,D2z055,2024.7.10,"건강백서 얇게 썰어 먹기 좋은 닭고기 120g으로 반려동물에게 맛있고 건강한 간식을! 신선한 닭고기를 얇게 썰어 간편하게 급여할 수 있으며, 부드러운 식감과 풍부한 단백질이 반려동물의 건강을 지원합니다. 자연 재료로 만들어져 인공 첨가물 없이 안전하게 급여할 수 있으며, 훈련 보상이나 일상 간식으로 적합합니다.",
56,8,1,건강백서 얇게 썰어 먹기 좋은 오리고기 120g,8030,"얇게 썰어 먹기 좋은 오리고기로, 반려견의 입맛과 건강을 모두 고려한 간식입니다.",g,120,D2z056,2024.7.11,"건강백서 얇게 썰어 먹기 좋은 오리고기 120g으로 반려동물의 간식 시간을 더욱 건강하게! 신선한 오리고기를 얇게 썰어 부드럽고 먹기 쉬운 형태로 제공하며, 고단백과 낮은 지방 함량으로 건강을 지원합니다. 자연 재료로 만들어져 안전하게 급여할 수 있으며, 간식이나 훈련 보상으로 적합합니다.",
57,8,1,건강백서 치킨 브레스트 100g,3960,"닭가슴살로 만들어진 간식으로, 반려견의 건강과 맛을 동시에 만족시킵니다.",g,100,D2z057,2024.7.12,"건강백서 치킨 브레스트 100g은 반려견의 건강을 고려한 간식으로, 순수한 치킨 가슴살로 만들어졌습니다. 저지방, 고단백 성분으로 반려견의 건강을 지원하며, 부드럽고 씹기 좋은 식감으로 맛있게 즐길 수 있습니다. 간편한 포장으로 신선하게 유지되며, 반려견의 영양과 기분을 동시에 챙길 수 있는 제품입니다.",
58,4,1,건강백서 포메라니언 2kg,28500,"포메라니언을 위한 맞춤형 사료로, 영양가가 높아 건강한 성장을 돕습니다.",g,2000,D1z058,2024.7.13,"건강백서 포메라니언 사료는 2kg 대용량으로 제공되며, 포메라니언의 건강을 고려하여 특별히 조정된 영양 성분이 포함되어 있습니다. 활력과 건강을 유지하는 데 도움을 주며, 노령견과 활동적인 포메라니언 모두에게 적합한 제품입니다. 균형 잡힌 식사로 매일 제공하기 좋습니다.",
59,4,1,건강백서 푸들 2kg,28500,"푸들을 위한 맞춤형 사료로, 균형 잡힌 영양으로 건강한 삶을 유지합니다.",g,2000,D1z059,2024.7.14,"건강백서 푸들 사료는 푸들을 위해 특별히 설계된 고급 사료입니다. 2kg의 용량으로 제공되며, 푸들의 특성에 맞춘 영양 성분이 포함되어 있습니다. 소화가 잘 되는 재료와 최적의 단백질, 지방 비율로 건강을 유지하며, 건강한 털과 피부를 지원합니다.",
60,8,1,건강백서 헬씨버거 100g,1980,"헬씨버거 형태의 간식으로, 건강한 재료로 맛과 영양을 모두 챙긴 제품입니다.",g,100,D2z060,2024.7.15,"반려동물의 건강과 입맛을 모두 만족시킬 건강백서 헬씨버거 100g을 소개합니다! 신선한 고기와 엄선된 재료로 만들어진 이 간식은 고단백 저지방으로 반려동물의 균형 잡힌 영양 섭취를 도와줍니다. 인공 첨가물 없이 자연 그대로의 맛을 담아 민감한 반려동물도 안심하고 먹을 수 있으며, 씹는 재미를 더해 치아 건강에도 도움을 줍니다. 한입 크기로 손쉽게 급여할 수 있어 훈련용 간식으로도 이상적입니다. 건강백서 헬씨버거 100g으로 반려동물에게 건강하고 맛있는 간식 시간을 선물해 보세요!",
61,8,1,건강한 치즈볼 요거트 120g,6900,"치즈와 요거트를 혼합한 간식으로, 강아지의 입맛을 사로잡고 건강을 고려한 제품입니다.",g,120,D2z061,2024.7.16,"건강한 치즈볼 요거트 120g은 반려동물을 위한 맛있는 간식으로, 치즈와 요거트가 조화롭게 어우러져 풍부한 맛을 제공합니다. 고단백, 저지방 성분으로 반려동물의 건강을 고려하였으며, 부드러운 질감으로 간편하게 제공할 수 있습니다. 영양가 있는 간식으로 반려동물의 기호를 만족시킬 수 있습니다.",
62,8,1,건강한간식 순살듬뿍 고구마 오리말이 300g,11000,순살 고구마와 오리로 만든 간식으로 강아지가 즐길 수 있는 영양가 높은 제품입니다.,g,300,D2z062,2024.7.17,"건강한 간식 순살 듬뿍 고구마 오리말이 300g은 반려견을 위한 영양 만점 간식입니다. 순살 오리와 고구마를 사용하여 만든 이 간식은 풍부한 단백질과 식이섬유를 제공하며, 맛과 건강을 동시에 고려했습니다. 고구마는 소화가 잘 되고 비타민이 풍부하여 반려견의 소화와 피부 건강에 도움을 줍니다. 인공 첨가물 없이 자연 재료만을 사용하여, 건강하고 맛있는 간식으로 반려견의 입맛을 사로잡을 수 있습니다.",
63,8,1,건강한간식 순살듬뿍 고구마 치킨말이 300g,11000,"순살 고구마와 치킨으로 만들어진 간식, 풍부한 맛과 영양으로 반려동물의 기호를 만족시킵니다.",g,300,D2z063,2024.7.18,"건강한간식 순살듬뿍 고구마 치킨말이는 반려견의 맛과 건강을 동시에 챙길 수 있는 간식입니다. 고단백질 치킨과 풍부한 식이섬유를 포함한 고구마가 조화롭게 혼합되어 있습니다. 천연 재료만을 사용하여, 반려견의 소화와 건강을 지원합니다. 특히 치킨은 순살만 사용하여 지방이 적고, 고구마는 비타민과 미네랄이 풍부하여 면역력 강화와 장 건강에 도움을 줍니다. 간식의 질감은 씹기 좋으며, 훈련 시 보상용으로도 적합합니다.",
64,8,1,건강한간식 순살듬뿍 안심오리 300g,13500,"순살 오리로 만든 간식으로, 풍부한 영양과 맛을 제공하여 반려동물의 건강을 지원합니다.",g,300,D2z064,2024.7.19,"건강한 간식 순살 듬뿍 안심 오리 300g는 반려견의 건강을 고려하여 엄선된 순살 오리로 만든 고급 간식입니다. 100% 순수 오리 고기만을 사용하여 풍부한 단백질과 필수 영양소를 제공합니다. 인공 첨가물 없이 자연 그대로의 맛과 영양을 담아 반려견의 미각을 만족시킵니다. 간식은 소화가 잘 되어 위장에 부담을 주지 않으며, 간편한 포장으로 신선하게 보관할 수 있습니다. 건강한 간식으로 사랑하는 반려견의 하루를 더욱 특별하게 만들어주세요.",
65,8,1,건강한간식 연골 오리말이 220g,11000,"연골이 포함된 오리말이 간식, 반려동물의 관절 건강을 고려하여 설계되었습니다.",g,220,D2z065,2024.7.20,"건강한간식 연골 오리말이 220g으로 반려동물의 씹는 재미와 건강을 동시에 챙기세요! 오리 연골로 만든 이 간식은 자연스러운 씹는 질감이 치아와 잇몸 건강을 도와줍니다. 고단백이며 영양이 풍부해 반려동물의 에너지를 충전해 주며, 건강한 간식으로 만족감을 제공합니다.",
66,8,1,건강한간식 연골 치킨말이 220g,11000,"연골이 포함된 치킨말이 간식, 반려동물의 관절 건강을 위한 영양 간식입니다.",g,220,D2z066,2024.7.21,"건강한간식 연골 치킨말이는 치킨과 연골을 함께 말아 만든 반려견용 건강 간식입니다. 220g의 적당한 용량으로 제공되며, 씹는 재미와 함께 치아 건강을 돕습니다. 천연 재료로 만들어져 안전하며, 단백질과 칼슘이 풍부해 반려견의 영양 보충에 이상적입니다.",
67,12,1,구중 청량제 120ml,3000,"구중 청량제, 반려동물의 입 냄새를 상쾌하게 해주는 제품입니다.",ml,120,D3z067,2024.7.22,"구중 청량제는 반려동물의 입 냄새를 상쾌하게 유지할 수 있는 제품입니다. 120ml의 용량으로 제공되며, 부드럽게 입 안을 청량하게 하고 세균 억제에 도움을 줍니다. 사용이 간편하고, 반려동물의 구강 위생을 관리하는 데 효과적입니다.",
68,24,1,국민 두부 고양이 모래 (녹차),6900,"녹차 성분이 포함된 두부 고양이 모래, 강력한 흡수력과 탈취 효과를 제공합니다.",g,3000,C3z068,2024.7.23,"국민 두부 고양이 모래(녹차)는 친환경적이고 경제적인 선택입니다. 두부를 원료로 사용하여 자연 분해가 가능하며, 고양이의 발톱에 덜 묻어 실내 청결을 유지하는 데 도움을 줍니다. 녹차 성분이 포함되어 있어 탈취 효과가 뛰어나고, 고양이 화장실의 냄새를 줄여줍니다. 가벼운 무게와 빠른 응고력으로 사용이 편리하며, 고양이와 집사 모두 만족할 수 있는 제품입니다.",
69,24,1,국민 두부 고양이 모래 (오리지널),6900,"오리지널 두부 고양이 모래, 높은 흡수력과 청결한 환경을 유지하는 데 도움을 줍니다.",g,3000,C3z069,2024.7.24,"국민 두부 고양이 모래(오리지널)는 천연 두부 성분으로 만든 고양이 모래입니다. 뛰어난 흡수력과 탈취 기능으로 고양이 화장실을 깨끗하게 유지하며, 자연 분해가 가능하여 환경에도 부담을 주지 않습니다. 부드러운 입자는 고양이의 발에 자극을 주지 않으며, 사용 후 쉽게 처리할 수 있어 관리가 간편합니다. 화학 첨가물 없이 안전하게 제조된 이 모래는 고양이와 주인 모두를 만족시킬 수 있는 제품입니다.",
70,8,1,국민가격 NTC 돼지귀 슬라이스 300g,13000,"돼지귀를 슬라이스하여 만든 간식으로, 반려동물의 건강과 즐거움을 더합니다.",g,300,D2z070,2024.7.25,"국민가격 NTC 돼지귀 슬라이스 300g으로 반려동물에게 맛있는 간식을 제공하세요! 돼지귀를 슬라이스하여 씹는 재미와 함께 단백질을 보충할 수 있습니다. 바삭한 식감이 치아 건강을 돕고, 간식으로 반려동물의 식욕을 자극합니다. 300g의 넉넉한 용량으로 오랫동안 즐길 수 있습니다.",
71,8,1,국민가격 NTC 돼지족발 400g,13000,"돼지족발로 만든 간식으로, 풍부한 맛과 영양을 제공하여 반려동물의 만족도를 높입니다.",g,400,D2z071,2024.7.26,"국민가격 NTC 돼지족발은 반려견을 위한 고급 간식으로, 신선한 돼지족발을 사용하여 만들었습니다. 400g의 넉넉한 용량으로 제공되며, 고소한 맛과 쫄깃한 식감이 특징입니다. 단백질과 콜라겐이 풍부하여 반려견의 피부와 관절 건강에 도움을 줍니다.",
72,36,1,그린트리 호호바오일 샴푸 500ml,8500,"호호바 오일이 포함된 샴푸로, 반려동물의 피부와 털을 부드럽고 건강하게 유지합니다.",ml,500,Z3z072,2024.7.27,"호호바오일이 포함된 이 샴푸는 반려동물의 피부와 털을 부드럽고 건강하게 유지하는 데 효과적입니다. 호호바오일이 피부를 진정시키고 털에 윤기를 더해줍니다. 자극이 적어 민감한 피부에도 적합하며, 500ml 대용량으로 경제적으로 사용할 수 있습니다. 매일 사용하여 깨끗하고 건강한 털을 유지하며, 반려동물의 미용 관리에 유용한 제품입니다.",
73,12,1,기린 칫솔,4200,반려동물의 구강 건강을 위한 특별한 칫솔입니다.,X,1,D3z073,2024.7.28,"기린칫솔은 반려동물의 구강 건강을 위한 특별한 칫솔입니다. 기린 모양의 디자인으로 재미와 기능성을 동시에 갖추고 있습니다. 부드러운 브러쉬가 치아와 잇몸을 자극 없이 깨끗하게 청소하며, 반려동물의 구강 위생을 유지하는 데 도움을 줍니다. 손잡이의 그립감도 우수하여 사용이 편리합니다.",
74,24,1,깃털꼬리 캣티클러,2500,고양이를 위한 깃털 꼬리가 달린 장난감입니다. 장난감으로서의 역할 뿐 아니라 고양이의 깃털 관리에도 도움을 줄 수 있습니다.,X,1,C3z074,2024.7.29,"깃털꼬리 캣티클러는 고양이의 발톱 관리와 놀이를 돕는 제품입니다. 깃털 장식이 달린 티클러로, 고양이의 호기심을 자극하고 자연스럽게 발톱을 깎는 데 도움을 줍니다. 튼튼하고 안전한 디자인으로 고양이의 발톱 건강을 관리할 수 있습니다.",
75,8,1,내츄럴랩 건강한치즈 애견간식 블루베리 스틱 100g,4900,블루베리가 들어간 건강한 치즈 스틱 간식 100g,g,100,D2z075,2024.7.30,"내츄럴랩 건강한 치즈 애견 간식 블루베리 스틱 100g은 반려견을 위한 영양 간식입니다. 고품질 치즈와 블루베리가 조화를 이루어 풍부한 맛을 제공합니다. 블루베리는 항산화 성분이 풍부하여 건강을 지원하며, 치즈는 단백질과 칼슘이 가득합니다. 100g의 실용적인 포장으로 간편하게 제공할 수 있으며, 반려견의 기호와 건강을 모두 만족시킵니다.",
76,8,1,내츄럴랩 건강한치즈 애견간식 요거트 스틱 100g,4900,"요거트와 치즈를 사용한 강아지 간식으로, 소화에 좋습니다.",g,100,D2z076,2024.7.31,"내츄럴랩 건강한치즈 애견간식 요거트 스틱 100g은 반려견을 위한 맛있는 간식입니다. 고품질 치즈와 요거트를 사용하여 단백질과 칼슘이 풍부하며, 반려견의 뼈와 치아 건강을 지원합니다. 부드러운 스틱 형태로 쉽게 씹고 소화할 수 있으며, 인공 첨가물 없이 자연 그대로의 맛을 제공합니다. 훈련 간식으로도 이상적이며, 반려견의 입맛을 만족시키는 최고의 간식입니다.",
77,8,1,내츄럴랩 건강한치즈 애견간식 크랜베리 스틱 100g,4900,"크랜베리 스틱, 건강한 치즈 애견 간식",g,100,D2z077,2024.8.1,"치즈와 크랜베리가 조화를 이루는 간식으로, 반려견의 입맛을 돋우어줍니다. 100g 대용량으로 제공되며, 치즈의 고소한 맛과 크랜베리의 상큼함이 반려견에게 즐거운 간식 시간을 선사합니다. 영양이 풍부하고 건강에 좋은 제품으로, 간식과 보상으로 적합하며, 반려견의 행복을 위해 좋은 선택입니다.",
78,20,1,너를위한디저트 고양이 캔디 5P 치킨맛,10000,치킨 맛의 고양이 캔디 5개 세트,g,17.5,C2z078,2024.8.2,"너를위한디저트 고양이 캔디는 치킨맛이 나는 간식으로, 5P 패키지로 제공됩니다. 부드러운 캔디 형태로 고양이의 간식 시간에 특별한 즐거움을 더해줍니다. 치킨의 풍부한 맛과 향이 고양이의 입맛을 자극하며, 간식으로 또는 훈련 보상으로 적합한 제품입니다. 고양이의 즐거운 간식 시간에 적합합니다.",
79,20,1,너를위한디저트 고양이 캣닢비스켓 연어맛,4000,연어맛 고양이 캣닢비스켓 디저트,g,100,C2z079,2024.8.3,"너를위한디저트 고양이 캣닢비스켓 연어맛으로 고양이의 간식 시간을 더욱 특별하게! 연어의 풍미가 가득한 이 비스켓은 고양이의 식욕을 자극하며, 캣닢이 더해져 재미를 더해줍니다. 고단백 간식으로 건강에도 좋으며, 고양이의 훈련 보상이나 특별한 간식으로 적합합니다.",
80,20,1,너를위한디저트 고양이 캣닢비스켓 참치맛,4000,참치 맛 고양이 캣닢 비스켓,g,100,C2z080,2024.8.4,"너를위한디저트 고양이 캣닢비스켓 참치맛은 고양이를 위한 특별한 간식입니다. 참치맛이 가득하며, 캣닢이 포함되어 있어 고양이의 흥미를 유도합니다. 비스킷 형태로 간편하게 제공되며, 고양이의 간식 시간에 특별한 즐거움을 더해줍니다. 맛과 영양을 모두 충족시키는 제품입니다.",
81,18,1,너를위한디저트 고양이 캣닢비스켓 치킨맛,4000,치킨 맛의 고양이용 디저트 비스켓입니다.,g,100,C2a081,2024.8.5,"너를위한디저트 고양이 캣닢비스켓 치킨맛은 치킨 맛이 가미된 고양이 간식입니다. 캣닢이 포함되어 고양이의 흥미를 유도하며, 바삭한 비스켓 식감이 고양이의 기호를 끌어올립니다. 영양이 풍부하고, 고양이의 건강을 고려하여 제조되었습니다.",
82,8,1,네츄럴랩 건강한치즈 애견간식 오리지널 볼 120g,6900,"건강한 치즈 애견간식, 오리지널 볼 형태",g,120,D2z082,2024.7.10,"네츄럴랩 건강한치즈 애견간식은 오리지널 볼 형태로 120g의 패키지로 제공됩니다. 치즈의 고소한 맛과 영양이 가득하며, 반려견의 건강과 행복을 고려한 간식입니다. 부드러운 볼 형태로 간편하게 제공할 수 있으며, 훈련 보상이나 특별한 간식 시간에 적합한 제품입니다.",
83,8,1,네츄럴랩 소프트 하루껌 애견간식 소고기 85g,4500,반려동물을 위한 소고기 맛 소프트 하루껌 간식입니다.,g,85,D2z083,2024.7.11,"네츄럴랩 소프트 하루껌은 소고기를 주재료로 사용한 부드러운 간식입니다. 85g의 패키지에 12개의 개별 포장이 포함되어 있어 간편하게 급여할 수 있으며, 씹는 재미와 함께 치아 건강을 돕습니다. 천연 재료로 제조되어 안전하고, 소화가 잘 되는 간식입니다.",
84,8,1,네츄럴이엑스 한우 불리스틱 초소형 1p,2500,초소형 강아지를 위한 한우 불리스틱,X,1,D2z084,2024.7.12,"네츄럴이엑스 한우 불리스틱 초소형 1p는 소형견을 위한 고급 간식입니다. 신선한 한우를 사용하여 맛과 영양을 더하였으며, 작은 사이즈로 소형견이 쉽게 씹을 수 있습니다. 단백질과 비타민이 풍부하여 건강을 지원하며, 간편하게 제공할 수 있는 특별한 간식입니다.",
85,8,1,노리밥 블루베리 300g,8900,블루베리를 사용한 강아지 간식.,g,300,D2z085,2024.7.13,"노리밥 블루베리는 반려견을 위한 300g의 건강 간식입니다. 블루베리의 풍부한 비타민과 항산화 성분이 포함되어 있어, 면역력 강화와 노화 방지에 도움을 줍니다. 천연 재료로 만들어져 건강을 고려하며, 반려견의 간식이나 훈련 보상으로 적합합니다. 맛과 영양을 동시에 충족시키는 제품입니다.",
86,6,1,뉴질랜드에서 온 ZEAL 송아지꼬리 125g,14000,뉴질랜드에서 생산된 송아지꼬리 간식입니다.,g,125,D2a086,2024.7.14,"뉴질랜드에서 온 ZEAL 송아지꼬리는 100% 자연산 송아지꼬리를 사용하여 만든 반려견용 건강 간식입니다. 125g의 용량으로 제공되며, 강한 씹는 재미가 치아 건강을 유지하고 스트레스 해소에 도움을 줍니다. 방부제나 인공 첨가물 없이 자연 그대로의 맛을 살린 고품질 간식입니다.",
87,4,1,뉴트리나 어덜트 연어 2.1kg,14600,"연어 함유 어덜트 사료, 고양이 영양식",g,2100,D1z087,2024.7.15,"고급 연어를 주원료로 한 이 사료는 반려견의 피부와 털 건강을 지원합니다. 오메가-3 지방산이 풍부하게 포함되어 있어 피부를 건강하게 유지하고 털에 윤기를 부여합니다. 2.1kg 대용량으로 경제적이며, 영양이 균형 잡힌 식사로 반려견의 활력을 유지할 수 있습니다. 매일 급여하면 반려견의 건강을 지키고 맛있는 식사를 제공할 수 있는 제품입니다.",
88,2,1,뉴트리나 어덜트 치킨 2.1kg,14600,성인 고양이를 위한 치킨 맛의 사료입니다.,g,2100,D1a088,2024.7.16,"뉴트리나 어덜트 치킨은 성견을 위한 고단백 사료입니다. 2.1kg의 대용량으로 제공되며, 신선한 치킨이 주된 단백질 공급원으로, 건강한 체중 유지를 지원합니다. 소화가 잘 되는 성분으로 제조되어 반려견의 건강을 유지하며, 영양 균형이 잘 맞춰져 있습니다.",
89,16,1,뉴트리플랜참치&닭가슴살160g,1500,고양이용 건강 사료,g,160,C1z089,2024.7.17,"뉴트리플랜 참치&닭가슴살 160g은 반려동물의 건강을 생각한 맛있는 캔 사료입니다. 참치와 닭가슴살이 조화를 이루어 높은 단백질과 필수 영양소를 제공합니다. 부드럽고 풍미가 가득한 식감으로 반려동물이 좋아하며, 소화가 잘 되는 성분으로 설계되어 건강한 식사를 돕습니다. 신선하고 맛있는 식사로 반려동물의 만족도를 높여줍니다.",
90,28,1,닥터할리 펫밀크 바닐라,2000,바닐라 맛의 반려동물 전용 우유,ml,200,Z1z090,2024.7.18,"닥터할리 펫밀크 바닐라는 반려동물을 위한 특별한 간식으로, 맛있는 바닐라 맛이 특징입니다. 고품질의 영양가 있는 성분을 사용하여 반려동물의 건강을 지켜줍니다. 칼슘과 비타민이 풍부하여 뼈와 치아 건강을 지원하며, 소화가 잘 되는 성분으로 설계되었습니다. 간편하게 제공할 수 있어 반려동물의 특별한 간식으로 좋습니다.",
91,20,1,닥터할리 펫밀크 캣 200ml,2000,"펫밀크 캣, 영양 가득한 고양이용 우유",ml,200,C2z091,2024.7.19,"닥터할리 펫밀크 캣은 200ml의 용량으로, 고양이를 위한 영양이 풍부한 우유입니다. 고양이의 건강과 미각을 고려하여 만들어졌으며, 중요한 비타민과 미네랄이 포함되어 있습니다. 특별한 간식이나 일상적인 보충식으로 제공하기 적합합니다. 부드러운 질감과 맛으로 고양이의 입맛을 사로잡습니다.",
92,8,1,닥터할리 펫밀크 바닐라,2000,밀크바닐라 맛의 강아지 간식입니다.,g,200,D2z092,2024.7.20,"닥터할리펫밀크바닐라는 반려동물을 위한 영양가 높은 우유 간식으로, 바닐라 향이 더해져 반려동물의 기호성을 높입니다. 칼슘과 비타민이 풍부하여 뼈 건강을 지원하며, 소화가 잘 되도록 특별히 제조되었습니다. 간식으로 주기에도, 식사 대용으로도 이상적입니다.",
93,7,1,닥터할리 펫밀크 시니어,2000,노화된 반려견을 위한 닥터할리 펫밀크,ml,200,D2s093,2024.7.21,"닥터할리펫 밀크 시니어는 나이가 많은 반려동물을 위한 특별한 밀크입니다. 노화에 따른 영양소 부족을 보충하며, 소화가 잘 되는 성분으로 노령 반려동물의 건강을 지원합니다. 맛있는 맛과 부드러운 질감으로 쉽게 섭취할 수 있으며, 반려동물의 활력을 유지하는 데 도움을 줍니다.",
94,8,1,닥터할리 펫밀크 카라멜,2000,"밀크카라멜 맛 영양제, 강아지 건강 보조",ml,200,D2z094,2024.7.22,"카라멜 맛의 이 간식은 반려동물의 입맛을 사로잡는 맛있는 보상입니다. 부드러운 질감이 특징이며, 영양가가 높아 간식과 보상으로 적합합니다. 소량씩 주기 좋은 제품으로, 반려동물의 특별한 간식 시간에 적합하며, 맛과 영양을 동시에 충족시키는 간식입니다.",
95,8,1,더꾸이독꾸이 생선살 30g,3000,강아지를 위한 생선살 간식입니다.,g,30,D2z095,2024.7.23,"더꾸이독꾸이 생선살은 신선한 생선살을 사용하여 만든 고양이용 간식입니다. 30g의 소포장으로 제공되어 간편하게 급여할 수 있으며, 고단백 저지방으로 고양이의 건강을 지원합니다. 풍부한 맛과 향이 고양이의 기호성을 높이며, 자연 그대로의 맛을 살린 건강한 간식입니다.",
96,12,1,더독 4220 치약,8500,"애견용 치약, 효과적인 치아 관리",g,70,D3z096,2024.7.24,"이 치약은 반려견의 치아와 잇몸을 건강하게 유지하는 데 효과적인 제품입니다. 4220으로 이름 붙여진 이 치약은 플라크와 타르타르 제거에 도움을 주며, 구취를 상쾌하게 없애줍니다. 안전한 성분으로 반려견의 구강 건강을 고려하여 만들어졌으며, 매일 사용해도 안심할 수 있습니다. 치아 관리와 함께 건강한 구강 상태를 유지하는 데 필수적인 제품입니다.",
97,28,1,더독 수제 북어국,3500,수제로 만든 북어국 강아지 간식,g,150,Z1z097,2024.7.25,"더독 수제 북어국은 반려견을 위한 건강한 간식으로, 신선한 북어를 사용하여 만든 국물입니다. 자연 재료로 만들어져 소화가 잘 되고, 반려견의 기호를 만족시킵니다. 북어의 풍미가 가득하며, 건강한 영양소를 제공하여 반려견의 건강을 지원합니다. 식사에 추가하거나 간식으로 제공하기에 좋은 제품입니다.",
98,2,1,더독 수제 삼계죽 150g,3500,수제 삼계죽으로 만든 강아지용 간식입니다.,g,150,D1a098,2024.7.26,"더독 수제 삼계죽은 건강한 재료로 정성스럽게 만든 반려견용 영양식입니다. 신선한 닭고기와 다양한 야채를 사용하여 반려견의 입맛을 사로잡고, 소화가 잘 되는 부드러운 식감이 특징입니다. 150g의 적당한 용량으로 한 끼 식사로 이상적이며, 반려견의 기력 회복과 건강 유지에 도움을 줍니다.",
99,1,1,더독 수제 삼계탕,3500,수제로 만든 삼계탕을 반려견에게 제공하는 더독 제품,g,150,D1j099,2024.7.27,"더독 수제 삼계탕으로 반려동물에게 특별한 한 끼를! 자연 재료를 사용하여 정성껏 만든 삼계탕으로, 닭고기와 영양 가득한 재료가 포함되어 있습니다. 풍부한 맛과 영양이 반려동물의 건강을 지원하며, 소화가 잘 되어 민감한 반려동물도 안심하고 먹을 수 있습니다. 수제 방식으로 더욱 신선하고 건강한 식사를 제공합니다.",
100,4,1,더독 수제 오리탕,3500,"수제 오리탕, 애견용 보양식",g,150,D1z100,2024.7.28,"더독 수제 오리탕은 반려견을 위한 맛있고 건강한 식사입니다. 신선한 오리와 다양한 채소가 포함되어 있어 영양이 풍부하고 소화가 잘 됩니다. 수제 방식으로 정성스럽게 조리되어, 반려견의 입맛을 사로잡으며, 100% 자연 재료로 만들어져 건강에도 좋습니다. 매일 식사나 특별한 간식으로 적합한 제품입니다.",
101,8,1,더독 치킨 치즈 슬라이스 100g,4300,치즈와 치킨을 조화롭게 섞어 맛있고 건강한 간식입니다.,g,100,D2z101,2024.7.29,"더독 치킨 치즈 슬라이스 100g은 반려견을 위한 영양 간식입니다. 고품질 닭고기와 치즈를 주원료로 하여 풍부한 단백질과 칼슘을 제공합니다. 부드러운 슬라이스 형태로 모든 크기의 반려견이 쉽게 먹을 수 있으며, 훈련 간식으로도 이상적입니다. 맛있는 풍미로 반려견의 입맛을 사로잡으며, 건강한 성분으로 안심하고 급여할 수 있습니다. 간편한 포장으로 휴대와 보관이 용이합니다.",
102,8,1,더리얼 레시피 삼계탕,5700,건강한 애견용 보양식,g,200,D2z102,2024.7.30,"삼계탕 맛의 이 제품은 반려견을 위한 맛있고 영양가 높은 사료입니다. 신선한 재료와 조리법으로 만들어져, 반려견에게 풍부한 단백질과 영양을 제공합니다. 자연스러운 삼계탕의 맛과 향이 반려견의 입맛을 돋우어 주며, 건강한 식사로 매일 제공하기 좋습니다. 400g의 대용량으로 경제적입니다.",
103,28,1,더리얼 레시피 완자탕,5000,신선한 재료로 만든 깊고 풍부한 국물의 완자탕,g,200,Z1z103,2024.7.31,"더리얼 레시피 완자탕은 반려견을 위한 맛있는 완자탕 제품입니다. 신선한 고기와 채소를 사용하여 깊고 진한 맛을 자랑하며, 영양가 높은 성분으로 건강을 지원합니다. 반려견이 좋아할 부드러운 식감과 풍부한 국물로 식사 시간을 더욱 즐겁게 만들어 주며, 균형 잡힌 영양을 제공하는 훌륭한 간식입니다.",
104,8,1,더리얼 레시피 치킨볼,5200,"고품질 닭고기 볼 간식, 영양 가득한 맛있는 스낵",g,100,D2z104,2024.8.1,"신선한 치킨을 주원료로 사용하여 반려견의 건강과 맛을 동시에 고려한 고급 간식입니다. 부드럽고 풍부한 식감이 반려견의 입맛을 사로잡으며, 단백질이 풍부해 에너지를 제공합니다. 첨가물이 없는 자연 그대로의 간식으로, 반려견의 활동적인 일상에 필요한 영양소를 공급하며, 보상이나 훈련 간식으로도 적합합니다. 건강과 맛, 두 마리 토끼를 잡는 이 간식으로 반려견에게 특별한 시간을 선사하세요.",
105,14,1,더리얼 캣 그레인프리 크런치 닭고기 1kg,22000,"고양이를 위한 곡물 없는 크런치 사료로, 닭고기가 주 재료로 사용되어 건강한 식사를 도와줍니다.",g,1000,C1a105,2024.8.2,"더리얼 캣 그레인프리 크런치 닭고기는 고양이를 위한 그레인프리 사료입니다. 1kg의 대용량으로 제공되며, 닭고기를 주원료로 사용하여 고양이의 기호성을 높입니다. 곡물 없이 제조되어 알레르기 걱정이 없으며, 건강한 단백질 공급원으로 고양이의 전반적인 건강을 지원합니다.",
106,24,1,더펫원츠 냥치카펜,11000,고양이를 위한 치카펜으로 장난감과 치료 효과를 동시에 제공합니다.,X,1,C3z106,2024.8.3,"더펫원츠 냥치카펜은 고양이의 놀이와 운동을 위한 장난감입니다. 다양한 질감과 색상이 고양이의 호기심을 자극하며, 낚시대 형태로 고양이와의 상호작용을 즐겁게 합니다. 튼튼한 소재로 제작되어 오랜 시간 사용 가능하며, 고양이의 사냥 본능을 만족시킬 수 있는 장난감입니다.",
107,8,1,덴탈라이프 미니 독 193g,10900,"소형견용 덴탈 간식, 구강 건강 관리에 도움",g,193,D2z107,2024.8.4,"이 간식은 소형견의 치아 건강을 고려하여 설계된 제품으로, 치아와 잇몸의 청결을 유지하는 데 도움을 줍니다. 특별한 질감이 치아의 플라크와 타르타르를 제거하고, 구취를 줄여줍니다. 비타민과 미네랄이 풍부해 영양가가 높으며, 매일 간식으로 제공하여 반려견의 건강한 입안과 전반적인 웰빙을 지원합니다. 작고 가벼운 사이즈로 소형견에게 적합하며, 맛있고 건강한 간식을 찾는 보호자에게 이상적입니다.",
108,20,1,덴탈라이프 트릿 치킨 캣 51g,4500,치킨 맛의 치아 건강을 위한 고양이 간식 51g,g,51,C2z108,2024.8.5,"덴탈라이프 트릿 치킨 캣 51g은 고양이의 구강 건강을 위해 설계된 간식입니다. 치킨 맛으로 고양이가 좋아하며, 특별한 질감이 치아와 잇몸을 청소하고 구강 건강을 유지하는 데 도움을 줍니다. 고단백 성분과 영양이 풍부하여 고양이의 건강한 식습관을 지원하며, 간편하게 제공할 수 있는 치아 관리 간식입니다.",
109,24,1,도레미파 냥오름 고양이 스크래쳐,83000,"내구성 좋은 스크래쳐, 고양이 스트레스 해소",cm,200,C3z109,2024.7.10,"도레미파 냥오름 고양이 스크래쳐는 고양이의 긁기 본능을 만족시킬 수 있는 스크래쳐입니다. 내구성이 강한 재질로 제작되어 오랜 사용이 가능하며, 고양이의 발톱을 건강하게 유지하는 데 도움을 줍니다. 디자인이 세련되어 집안 인테리어와 잘 어울리며, 고양이의 흥미를 끌어주는 제품입니다.",
110,16,1,동원 뉴트리플랜 건강프로젝트 장&유리너리 160g,1500,반려견 장과 방광 건강을 위한 건강프로젝트 160g,g,160,C1z110,2024.7.11,"동원 뉴트리플랜 건강프로젝트 장&유리너리 160g은 반려동물의 장과 유리너리 건강을 지원하는 캔 사료입니다. 식이섬유와 필수 영양소가 풍부하여 장 건강을 개선하고, 비타민과 미네랄이 유리너리 기능을 돕습니다. 신선한 재료로 만들어져 맛과 영양이 뛰어나며, 반려동물의 건강을 종합적으로 관리할 수 있습니다.",
111,16,1,동원 뉴트리플랜 건강프로젝트 피부&모질 160g,1500,반려견 피부와 모질 건강을 위한 건강프로젝트 160g,g,160,C1z111,2024.7.12,"동원 뉴트리플랜 건강프로젝트 피부&모질 160g은 반려동물의 피부와 모질 건강을 위한 캔 사료입니다. 피부와 털 건강에 필요한 오메가-3와 오메가-6 지방산이 풍부하며, 비타민과 미네랄이 균형 잡혀 있습니다. 신선한 재료로 만들어져 맛과 영양이 뛰어나며, 반려동물의 건강을 유지하는 데 도움을 줍니다.",
112,24,1,딩동펫 익사이트 우드 캣휠,338000,다양한 크기의 고양이 운동용 캣휠,cm,100,C3z112,2024.7.13,"딩동펫 익사이트 우드 캣휠 S-XL은 고양이의 운동을 지원하는 캣휠입니다. 내구성이 강한 우드 소재로 제작되어 안정감 있게 사용 가능하며, 다양한 사이즈로 제공되어 고양이의 크기에 맞게 선택할 수 있습니다. 운동과 놀이를 동시에 제공하며, 고양이의 활동성을 높여줍니다.",
113,8,1,똑똑한입 포천 이동갈비 250g,12500,포천 이동갈비로 만든 똑똑한입 간식 250g,g,250,D2z113,2024.7.14,"똑똑한입 포천 이동갈비 250g은 반려견을 위한 풍미 가득한 간식입니다. 신선한 이동갈비를 사용하여 만든 제품으로, 고단백과 영양이 풍부합니다. 씹는 즐거움을 제공하며, 반려견의 기호를 만족시킵니다. 250g의 패키지로 적당량을 간편하게 제공할 수 있습니다.",
114,24,1,마따따비 막대,2000,고양이가 좋아하는 간식,g,12,C3z114,2024.7.15,"마따따비 막대는 고양이를 위한 장난감으로, 고양이의 놀이 본능을 자극합니다. 마따따비 향이 고양이의 흥미를 끌어주며, 씹거나 던지는 재미를 제공합니다. 다양한 질감과 디자인으로 고양이의 놀이 시간을 더욱 즐겁게 해주는 제품입니다. 내구성이 뛰어나며 장시간 사용 가능합니다.",
115,8,1,마이독 스테이크하우스 소고기 큐브 200g,5500,"소고기로 만든 큐브 형태의 강아지 간식으로, 고단백 저지방입니다.",g,200,D2z115,2024.7.16,"마이독 스테이크하우스 소고기 큐브 200g은 반려견을 위한 프리미엄 간식입니다. 부드러운 소고기 큐브 형태로 만들어져 반려견이 쉽게 씹고 소화할 수 있습니다. 고품질 소고기를 사용하여 단백질이 풍부하며, 자연 그대로의 맛을 제공합니다. 훈련용 간식으로도 이상적이며, 반려견의 입맛을 사로잡을 수 있습니다. 영양가 높은 성분들로 구성되어 있어 반려견의 건강과 활력을 유지하는 데 도움이 됩니다.",
116,8,1,마이독 스테이크하우스 연어 큐브 200g,5500,"신선한 연어 큐브, 고단백 저지방 영양 간식",g,200,D2z116,2024.7.17,"고급 연어를 주원료로 한 맛있는 간식으로, 반려견의 피부와 털 건강을 지원합니다. 풍부한 오메가-3 지방산과 단백질이 함유되어 있어, 건강한 에너지와 영양을 제공합니다. 큐브 형태로 간편하게 제공되며, 육즙 가득한 맛으로 반려견의 입맛을 돋우어줍니다. 간식으로 주기 좋고, 훈련 보상이나 특별한 간식 시간에 적합한 제품입니다.",
117,8,1,맥시 치킨져키 800g,13700,치킨으로 만든 져키 800g,g,800,D2z117,2024.7.18,"맥시 치킨 져키 800g은 반려견을 위한 풍부한 단백질 간식입니다. 신선한 치킨을 사용하여 건강하고 맛있는 져키를 제작하였으며, 씹기 좋은 질감으로 반려견의 기호를 만족시킵니다. 800g의 대용량으로 오랜 시간 동안 제공할 수 있으며, 영양과 맛을 동시에 제공하는 간식입니다.",
118,8,1,명태녹차 100g,9800,반려동물의 건강과 맛을 동시에 고려한 명태녹차 100g,g,100,D2z118,2024.7.19,"반려동물의 건강과 맛을 동시에 고려한 명태녹차 100g을 소개합니다! 신선한 명태와 녹차의 조합으로 만든 이 간식은 고단백 저지방으로 반려동물의 영양을 균형 있게 채워줍니다. 명태의 풍부한 오메가-3 지방산이 반려동물의 피부와 털 건강을 증진시키며, 녹차의 항산화 성분이 면역력을 강화해줍니다. 자연 그대로의 재료를 사용하여 인공 첨가물 없이 건강하게 만들어졌습니다. 한 입 크기로 쉽게 급여할 수 있어 훈련용으로도 적합하며, 반려동물의 입맛을 사로잡아 줄 것입니다. 명태녹차 100g으로 반려동물에게 건강한 즐거움을 선사하세요!",
119,24,1,모넬로 묘글 베란다 윈도우 캣폴 원목 캣타워,337000,고양이의 행복과 안락을 위한 아름다운 베란다용 캣타워,cm,115,C3z119,2024.7.20,"모넬로 묘글 베란다 윈도우 캣폴 원목 캣타워 GO2078은 원목으로 제작된 고급스러운 캣타워입니다. 베란다와 윈도우에 설치할 수 있으며, 자연스러운 디자인과 튼튼한 구조로 고양이의 놀이와 휴식을 지원합니다. 고양이가 창 밖을 바라보며 즐길 수 있는 독특한 설계로, 집안에 자연을 더하는 제품입니다.",
120,36,1,몰리스 냄새잡는 패드 M 80매,19900,소프트 치킨 스틱껌,개,80,Z3z120,2024.7.21,"몰리스 냄새잡는 패드 M 80매는 반려동물의 배변을 위한 필수 아이템입니다. 뛰어난 흡수력과 냄새 차단 기능으로 청결을 유지하며, 대형 사이즈로 넉넉한 사용이 가능합니다. 액체를 신속하게 흡수해 패드 위에 오래 머무르지 않으며, 반려동물의 편안한 환경을 유지해주는 효과적인 패드입니다.",
121,12,1,몰리스 미끄러지지 않는 패드 L 35매,19900,미끄러지지 않도록 설계된 강아지용 패드입니다.,개,35,D3z121,2024.7.22,"몰리스 미끄러지지 않는 패드는 반려동물의 배변 관리를 위해 설계된 실용적인 패드입니다. L 사이즈로 넉넉한 크기와 35매입으로 제공되며, 바닥에서 미끄러지지 않아 안정적으로 사용할 수 있습니다. 뛰어난 흡수력과 냄새 차단 기능으로 쾌적한 환경을 유지하는 데 도움을 줍니다.",
122,12,1,몰리스 미끄러지지 않는 패드 M 80매,19900,미끄럼 방지 기능이 있는 중간 사이즈의 강아지 화장실 패드입니다.,개,80,D3z122,2024.7.23,"몰리스 미끄러지지 않는 패드 M은 중형 반려견을 위한 실용적인 패드입니다. 패드는 바닥에 잘 붙어 미끄러짐을 방지하며, 방수 처리로 바닥을 보호합니다. 80매가 포함된 이 패드는 고급 흡수재로 설계되어 빠른 흡수와 냄새 차단이 가능하며, 위생적으로 배변 문제를 해결합니다. 사용 후 버리기 간편하여 관리가 용이하며, 반려견의 배변 훈련에 효과적입니다.",
123,20,1,몰리스 미니캔 닭가슴살과흰살생선 6개입,4200,"닭가슴살과 흰살생선 미니캔, 고양이용 6개입 세트",g,180,C2z123,2024.7.24,"미니캔은 닭가슴살과 흰살생선이 포함된 고양이 간식으로, 6개입 패키지로 제공됩니다. 고양이의 입맛을 사로잡는 신선한 재료로 만들어졌으며, 간식 시간에 특별한 즐거움을 더해줍니다. 소량씩 제공하기 좋은 제품으로, 영양가와 맛을 동시에 충족시킵니다.",
124,4,1,몰리스 쉬야응가 1회용 패드 L 50매,13900,대형견을 위한 쉬야응가 1회용 패드 50매,개,50,D1z124,2024.7.25,"몰리스 쉬야응가 1회용 패드 L 50매로 깔끔한 배변 관리를! 대형 사이즈의 이 패드는 흡수력이 뛰어나며, 냄새를 효과적으로 차단해 줍니다. 다양한 용도로 사용 가능한 이 패드는 간편하게 교체할 수 있어 청결한 환경을 유지하는 데 도움을 줍니다. 50매로 넉넉한 양을 제공하여 실용적입니다.",
125,12,1,몰리스 쉬야응가 1회용 패드 M 100매,13900,간편하게 사용할 수 있는 중간 사이즈의 강아지 화장실 패드입니다.,개,100,D3z125,2024.7.26,"몰리스 쉬야응가 1회용 패드 M 100매는 반려견을 위한 실용적인 배변 패드입니다. 강력한 흡수력으로 소변을 빠르게 흡수하고, 누수 방지 설계로 바닥을 깨끗하게 유지합니다. 대형 사이즈로 넉넉한 커버리지를 제공하며, 사용 후 간편하게 폐기할 수 있어 위생적입니다. 패드는 미끄러짐 방지 기능이 있어 반려견이 사용할 때 안정적으로 유지됩니다. 경제적인 대용량 포장으로 장기간 사용하기 좋습니다.",
126,12,1,몰리스 쉬야응가 튀지않는 패드 L 20매,13900,튀지 않고 흡수력이 뛰어난 대형 패드,개,20,D3z126,2024.7.27,"몰리스 쉬야응가 튀지않는 패드 L 20매로 깨끗한 배변 관리를! 튀지 않는 특수 설계로 액체를 빠르게 흡수하며 냄새를 효과적으로 차단해 줍니다. 대형 사이즈로 넉넉한 사용이 가능하며, 교체가 간편하여 일상적인 청결 유지에 유용합니다. 20매로 실용적이고 경제적인 선택입니다.",
127,12,1,몰리스 쉬야응가 튀지않는 패드 M 45매,13900,튀지 않고 강력한 흡수력을 자랑하는 중형 패드,개,45,D3z127,2024.7.28,"몰리스 쉬야응가 튀지않는 패드는 반려동물의 배변 관리를 위한 패드입니다. M 사이즈로 45매입으로 제공되며, 특수 흡수층이 액체를 빠르게 흡수하고 튀는 것을 방지합니다. 강력한 흡수력과 냄새 차단 기능으로 쾌적한 환경을 유지할 수 있습니다.",
128,8,1,몰리스 오리 져키믹스,16000,"오리 져키믹스, 애견용 고단백 간식",g,800,D2z128,2024.7.29,"오리고기로 만든 이 간식은 반려견이 좋아하는 맛과 질감을 제공합니다. 높은 단백질과 영양이 풍부해 건강한 간식으로 적합하며, 다양한 크기와 질감이 혼합되어 있어 다양한 입맛에 맞출 수 있습니다. 훈련 보상이나 특별한 간식으로 제공하기에 좋으며, 반려견의 행복한 시간을 만들어주는 제품입니다.",
129,8,1,몰리스 체다치즈볼 210g,5700,맛있는 체다치즈볼,g,210,D2z129,2024.7.30,"몰리스 체다치즈볼 (210g)로 반려동물의 간식 시간을 더욱 즐겁게! 풍부한 체다 치즈 맛이 반려동물의 입맛을 사로잡으며, 바삭한 식감이 씹는 재미를 더해줍니다. 건강한 재료로 만들어져 영양가가 높으며, 간식이나 훈련 보상으로 적합한 선택입니다. 210g의 넉넉한 양으로 오랫동안 사용 가능합니다.",
130,8,1,몰리스 치즈소시지 800g,14000,고양이를 위한 치즈 소시지 혼합 사료입니다.,g,800,D2z130,2024.7.31,"몰리스 치즈소시지는 반려견이 좋아하는 치즈와 소시지를 결합한 간식입니다. 800g의 대용량으로 여러 번 나누어 급여할 수 있으며, 고소한 치즈 맛이 반려견의 입맛을 사로잡습니다. 단백질과 칼슘이 풍부하여 건강한 간식 선택입니다.",
131,20,1,몰리스 크런치홀릭 닭고기 60g,2800,"닭고기로 만든 강아지 간식으로, 씹는 재미와 영양을 제공합니다.",g,60,C2z131,2024.8.1,"몰리스 크런치홀릭 닭고기 60g은 반려견을 위한 맛있는 간식입니다. 신선한 닭고기를 사용하여 고단백 저지방으로 만들어졌으며, 바삭한 크런치 질감이 반려견의 씹는 재미를 더해줍니다. 소형 포장으로 휴대가 간편하여 외출 시에도 쉽게 급여할 수 있습니다. 훈련 간식으로도 이상적이며, 반려견의 입맛을 사로잡는 최고의 간식입니다. 인공 첨가물 없이 자연 그대로의 맛과 영양을 제공합니다.",
132,20,1,몰리스 크런치홀릭 양고기 60g,2800,풍부한 양고기 맛을 가진 크런치형 강아지 간식 60g,g,60,C2z132,2024.8.2,"몰리스 크런치홀릭 양고기 60g으로 반려동물의 간식 시간을 특별하게! 양고기의 진한 맛과 바삭한 식감이 반려동물의 입맛을 사로잡으며, 고단백으로 건강을 지원합니다. 60g의 소용량으로 간편하게 제공할 수 있으며, 훈련 보상이나 간식으로 적합한 선택입니다.",
133,20,1,몰리스 크런치홀릭 연어 60g,2800,"연어로 만든 강아지 간식으로, 씹는 재미가 있는 크런치 형태입니다.",g,60,C2z133,2024.8.3,"몰리스 크런치홀릭 연어 60g은 반려견을 위한 맛있는 간식입니다. 신선한 연어를 사용하여 고단백 저지방으로 만들어졌습니다. 바삭한 크런치 질감이 반려견의 씹는 재미를 더해주며, 구강 건강에도 도움을 줍니다. 소형 포장으로 휴대가 간편하여 외출 시에도 쉽게 급여할 수 있습니다. 훈련 간식으로도 이상적이며, 반려견의 입맛을 사로잡는 최고의 간식입니다.",
134,20,1,몰리스 크런치홀릭 참치 60g,2800,참치로 만든 크런치홀릭 몰리스 간식 60g,g,60,C2z134,2024.8.4,"몰리스 크런치홀릭 참치 60g은 고양이의 씹는 즐거움을 더해주는 간식입니다. 바삭바삭한 식감이 치아 건강을 도와주며, 참치의 진한 맛으로 고양이의 입맛을 사로잡습니다. 영양가 높은 재료로 만들어져 건강에 좋고, 훈련 보상이나 간식으로 적합합니다.",
135,8,1,몰리스 화이트 스틱껌 소프트치킨 400g,11000,풍부한 소프트 치킨 맛으로 반려견의 입맛을 사로잡는 고품질 스틱껌입니다.,g,400,D2z135,2024.8.5,"몰리스 화이트 스틱껌 소프트치킨 400g은 반려견을 위한 맛있는 간식입니다. 소프트치킨 맛으로 반려견의 입맛을 사로잡으며, 씹는 재미와 함께 치아 건강도 지원합니다. 특수 설계된 질감으로 치석과 플라그를 제거하는 데 도움을 주며, 영양가 높은 성분으로 건강하게 간식을 즐길 수 있습니다.",
136,36,1,바비온 반려동물 커브 가위,29400,751C 커브 가위 - 반려동물을 위한 커브 가위 바비온 제품,X,1,Z3z136,2024.7.10,"바비온 반려동물 M4-751C 커브 가위는 반려동물의 털 손질을 위한 전문 도구입니다. 커브형 디자인으로 접근이 어려운 부위도 쉽게 다듬을 수 있으며, 날카로운 칼날로 깔끔한 컷이 가능합니다. 편리한 그립과 인체공학적인 설계로 편안하게 사용할 수 있어, 반려동물의 털 관리에 유용한 제품입니다.",
137,36,1,바비온 발톱깍기 소형,7000,소형 강아지와 고양이를 위한 바비온 발톱깍기,X,1,Z3z137,2024.7.11,"바비온 발톱 깍기 소형은 반려동물의 발톱을 안전하고 정확하게 관리할 수 있는 도구입니다. 소형 디자인으로 소형견 및 고양이의 발톱에 적합하며, 날카로운 칼날이 발톱을 깨끗하게 자를 수 있습니다. 편리한 그립감과 효율적인 사용으로, 발톱 관리가 쉬워집니다.",
138,36,1,바비온 전동 발톱다듬기,16500,전동 발톱 다듬기 바비온 제품,X,1,Z3z138,2024.7.12,"바비온 전동 발톱 다듬기는 반려동물의 발톱 관리에 도움을 주는 편리한 도구입니다. 전동으로 작동하여 발톱을 빠르고 효과적으로 다듬을 수 있으며, 부드러운 그라인딩 기능으로 안전하게 사용 가능합니다. 편리한 디자인으로 사용이 간편하며, 반려동물의 발톱을 건강하게 유지하는 데 도움을 줍니다.",
139,8,1,반려견 골든 황태 채 70g,7000,"황태로 만든 강아지 간식으로, 단백질을 풍부하게 공급합니다.",g,70,D2z139,2024.7.13,"반려견 골든 황태 채 70g은 반려견을 위한 건강한 간식입니다. 고품질 황태를 사용하여 만들어져 단백질이 풍부하며, 지방 함량이 낮아 다이어트 간식으로도 적합합니다. 쫄깃한 식감과 고소한 맛으로 반려견의 입맛을 사로잡습니다. 인공 첨가물 없이 자연 그대로의 맛을 제공하여 반려견이 안전하게 먹을 수 있습니다. 작은 크기로 잘라져 있어 급여가 용이하며, 훈련 간식으로도 이상적입니다.",
140,10,1,반려견용 치약 70g,5000,반려견 구강 건강을 위한 치약,g,70,D3a140,2024.7.14,"반려견용 치약 70g은 반려견의 구강 건강을 위한 필수 아이템입니다. 특수 설계된 저불소 성분이 포함되어 있으며, 강아지의 치아와 잇몸을 효과적으로 청소하고 박테리아를 제거합니다. 상쾌한 맛으로 강아지가 치약을 쉽게 받아들이며, 구취 제거와 치석 예방에도 도움을 줍니다. 매일 사용으로 건강한 입 속 환경을 유지하세요.",
141,12,1,반려견패드(대) 60X70cm*45매,8480,크기가 크고 흡수력이 우수하여 실내를 청결하게 유지할 수 있습니다.,개,45,D3z141,2024.7.15,"반려견패드(대) 60x70cm 45매는 대형 반려견을 위한 고성능 패드입니다. 넉넉한 크기로 실내에서의 사용이 용이하며, 강력한 흡수력으로 소변과 냄새를 빠르게 흡수하여 깨끗한 환경을 유지합니다. 고급 흡수층은 변형 없이 오랜 시간 사용 가능하며, 패드는 바닥에 안정적으로 부착되어 미끄러짐을 방지합니다. 통기성이 뛰어난 상단 층은 반려견의 발을 편안하게 유지하며, 패드는 사용 후 간편하게 폐기할 수 있어 청소가 간편합니다. 훈련용, 비 오는 날 또는 외출 시 유용한 제품입니다.",
142,12,1,반려견패드(중) 40*50cm*100매,8480,중간 크기로 실내 위생 관리에 최적화되어 있습니다.,개,100,D3z142,2024.7.16,"반려견패드(중) 40x50cm 100매는 중형 반려견에게 적합한 고성능 패드입니다. 컴팩트한 사이즈와 대량 포장으로 가성비를 극대화했습니다. 우수한 흡수력과 고속 건조 기능을 갖춘 이 패드는 소변을 빠르게 흡수하여 위생적인 환경을 유지합니다. 표면의 부드러운 원단은 반려견의 발에 자극을 주지 않으며, 방수 처리된 바닥은 바닥에 흡착하여 패드가 제자리에 고정됩니다. 패드는 일회용으로 사용 후 간편하게 폐기할 수 있어 관리가 쉽습니다.",
143,14,1,반려묘사료 10kg,25980,고양이를 위한 건강한 영양을 공급하는 대용량 사료입니다.,g,10000,C1a143,2024.7.17,"반려묘사료 10kg은 모든 연령대의 고양이에게 적합한 균형 잡힌 영양을 제공하는 사료입니다. 고품질 단백질과 필수 비타민, 미네랄이 포함되어 있어 고양이의 건강을 유지하는 데 도움이 됩니다. 영양소가 풍부하게 함유되어 있어 면역력 강화와 소화 건강을 지원하며, 맛과 영양이 조화롭게 설계되어 까다로운 고양이들도 만족할 수 있습니다.",
144,16,1,밥이보약 CAT NO스트레스 2kg,27800,고양이 스트레스 관리에 도움을 주는 사료입니다.,g,2000,C1z144,2024.7.18,"밥이보약 CAT NO스트레스는 스트레스를 받기 쉬운 고양이를 위한 맞춤형 사료입니다. 이 제품은 스트레스 완화에 효과적인 성분들을 포함하여, 고양이의 심리적 안정과 편안함을 제공합니다. 비타민 B군과 아미노산이 풍부하게 포함되어 있으며, 스트레스와 관련된 행동 문제를 줄여줍니다. 또한, 고양이의 전반적인 건강을 고려하여 면역력 강화와 소화 건강에 도움을 주는 영양소가 포함되어 있습니다. 맛과 영양이 균형 잡힌 이 사료는 까다로운 고양이들도 만족할 수 있습니다.",
145,16,1,밥이보약 CAT 걱정없는 헤어볼 2kg,27800,고양이 털 관리에 도움을 주는 사료입니다.,g,2000,C1z145,2024.7.19,"밥이보약 CAT 걱정없는 헤어볼 2kg은 고양이의 헤어볼 문제를 해결하기 위한 사료입니다. 특별히 설계된 포뮬러로 헤어볼 형성을 감소시키고, 소화기 건강을 지원합니다. 고품질 단백질과 식이섬유가 풍부하여 고양이의 소화 기능을 개선하며, 건강한 피부와 털을 유지하는 데 도움을 줍니다. 또한, 맛있게 조리되어 고양이들이 좋아할 수 있는 맛과 향을 제공합니다. 매일 급여하여 헤어볼 문제를 예방하고 고양이의 건강을 관리하세요.",
146,14,1,밥이보약 CAT 빛나는 피모 2kg,27800,고양이의 피모 건강을 위해 제작된 사료입니다.,g,2000,C1a146,2024.7.20,"밥이보약 CAT 빛나는 피모는 고양이의 건강한 털과 피부를 위한 사료입니다. 2kg의 용량으로 제공되며, 비타민과 오메가-3 지방산이 포함되어 있어 건강한 털을 유지하는 데 도움을 줍니다. 고단백 저지방으로 고양이의 체중 관리에도 적합합니다.",
147,4,1,밥이보약 DOG 건강한 장 2kg,25800,강아지의 장 건강을 지원하는 사료입니다.,g,2000,D1z147,2024.7.21,"밥이보약 DOG 건강한 장은 반려견의 장 건강을 위한 고급 사료입니다. 2kg의 용량으로 제공되며, 프리바이오틱스와 프로바이오틱스가 풍부하게 함유되어 장내 유익균을 활성화하고 소화를 돕습니다. 식이섬유가 포함되어 변비 예방에도 효과적이며, 반려견의 전반적인 건강을 지원합니다.",
148,4,1,밥이보약 DOG 빛나는 피모 2kg,25800,강아지의 피모 건강을 위해 제작된 사료입니다.,g,2000,D1z148,2024.7.22,"밥이보약 DOG 빛나는 피모 2kg은 반려견의 건강한 피모를 위해 설계된 사료입니다. 피부와 모발에 필요한 비타민과 미네랄이 풍부하게 포함되어 있으며, 오메가-3와 오메가-6 지방산이 모발에 윤기와 건강을 제공합니다. 고단백 성분으로 활력을 지원하며, 매일 먹이면 아름답고 건강한 피모를 유지할 수 있습니다.",
149,4,1,밥이보약 DOG 알맞은체중 2kg,25800,알맞은 체중 관리를 위한 DOG 밥이보약 2kg,g,2000,D1z149,2024.7.23,"밥이보약 DOG 알맞은체중 2kg으로 반려견의 건강한 체중 관리를 도와주세요! 체중 조절을 위해 설계된 이 사료는 저칼로리 성분과 높은 단백질 함량으로 균형 잡힌 식사를 제공합니다. 소화가 잘 되는 재료로 만들어져 체중 관리에 도움을 주며, 맛있는 식사로 반려견의 만족감을 높입니다.",
150,3,1,밥이보약 DOG 활기찬 노후 2kg,25800,활기찬 노후를 위한 강아지 사료 2kg,g,2000,D1s150,2024.7.24,"밥이보약 DOG 활기찬 노후는 2kg의 패키지로 제공되는 반려견 사료입니다. 노령견의 건강을 고려하여 특별히 조정된 영양 성분이 포함되어 있습니다. 활력을 유지하고 관절 건강을 지원하는 데 도움을 주며, 노화에 따른 건강 문제를 예방하는 제품입니다.",
151,24,1,보아털 오뎅꼬치,2000,보아털로 만든 오뎅 꼬치 장난감,X,1,C3z151,2024.7.25,"보아털 오뎅꼬치는 반려동물을 위한 맛있는 간식으로, 신선한 오뎅을 사용하여 만든 제품입니다. 고단백 간식으로 반려동물의 기호를 자극하며, 씹기 좋은 질감으로 간편하게 급여할 수 있습니다. 반려동물의 기호와 건강을 동시에 만족시키는 맛있고 영양가 있는 간식입니다.",
152,36,1,부들부들 덴탈 바르는 치약 80g,5000,강아지와 고양이를 위한 덴탈 케어를 돕는 바르는 치약입니다.,g,80,Z3z152,2024.7.26,"부들부들 덴탈 바르는 치약은 반려동물의 구강 건강을 위해 특별히 개발된 치약입니다. 칫솔에 묻혀서 간편하게 사용하며, 치석과 플라크 제거에 효과적입니다. 상쾌한 향이 반려동물의 입 냄새를 개선하고, 구강 내 세균을 억제하여 건강한 치아와 잇몸을 유지하는 데 도움을 줍니다.",
153,36,1,부들부들 손가락 칫솔 2개입,3200,강아지와 고양이를 위한 부드러운 손가락 칫솔 2개 세트,개,2,Z3z153,2024.7.27,"부들부들 손가락 칫솔 2개입은 반려동물의 치아를 간편하게 관리할 수 있는 도구입니다. 손가락에 끼워 사용하는 디자인으로, 칫솔이 작은 부분까지 세심하게 닦을 수 있습니다. 위생적이고 사용하기 쉬운 제품으로, 반려동물의 구강 관리를 효과적으로 지원합니다.",
154,36,1,부들부들 제너럴 샴푸&린스 500g,6300,부들부들 제너럴 샴푸와 린스 500g,g,500,Z3z154,2024.7.28,"부들부들 제너럴 샴푸&린스 500g은 반려동물의 피부와 모질을 건강하게 관리하는 제품입니다. 부드러운 성분으로 피부 자극을 최소화하며, 윤기 나는 털을 유지하도록 돕습니다. 샴푸와 린스가 함께 제공되어 간편하게 사용할 수 있으며, 반려동물의 모질을 깨끗하고 건강하게 유지하는 데 도움을 줍니다.",
155,8,1,불리스틱 중소형 6p,13500,중소형 강아지를 위한 6개 세트의 불리스틱 장난감,개,6,D2z155,2024.7.29,"불리스틱 중소형 6p로 반려동물의 씹는 욕구를 충족하세요! 중소형 사이즈로 다양한 견종에게 적합하며, 튼튼하고 안전한 재질로 만들어져 치아 건강을 지원합니다. 6개의 세트로 넉넉하게 제공되며, 씹는 동안 스트레스를 해소하고 즐거운 시간을 보낼 수 있습니다.",
156,6,1,불리스틱 초소형 9p,13500,작은 사이즈의 강아지를 위한 식사용 어덜트 사료입니다. 소형견에게 적합한 사이즈와 영양소를 제공합니다.,개,9,D2a156,2024.7.30,"불리스틱 초소형은 작은 반려동물을 위한 간식입니다. 9개의 소포장으로 제공되며, 작은 사이즈로 인해 작은 반려동물의 기호에 맞춰 제작되었습니다. 풍부한 맛과 부드러운 식감이 특징이며, 간식이나 훈련 보상용으로 적합합니다.",
157,20,1,"브로스 닭고기, 고구마와 당근 파우치 40g",2100,"닭고기, 고구마와 당근 파우치, 영양 가득 파우치 간식입니다.",g,40,C2z157,2024.7.31,"브로스 닭고기, 고구마와 당근 파우치는 40g의 소용량으로 제공됩니다. 신선한 닭고기와 영양가 높은 고구마, 당근이 조화를 이루어 맛과 건강을 모두 고려한 간식입니다. 부드러운 질감과 풍부한 영양이 특징이며, 고양이의 간식이나 일상 식사로 적합합니다.",
158,8,1,"브로스 순살 닭고기, 토마토, 당근 파우치 40g",2100,순살 닭고기와 채소가 들어간 브로스 파우치 40g,g,40,D2z158,2024.8.1,"브로스 순살 닭고기, 토마토, 당근 파우치 40g은 반려동물에게 건강한 간식을 제공합니다. 신선한 순살 닭고기와 영양가 있는 토마토, 당근이 조화를 이루어 맛과 영양을 동시에 챙깁니다. 부드럽고 촉촉한 식감으로 반려동물이 좋아하며, 40g의 작은 파우치로 간편하게 급여할 수 있습니다. 영양과 기호를 모두 만족시키는 제품입니다.",
159,20,1,"브로스 참치, 멸치, 흰살생선 파우치 40g",2100,다양한 종류의 생선을 담은 고양이용 파우치 간식입니다.,g,40,C2z159,2024.8.2,"브로스 참치, 멸치, 흰살생선 파우치는 고양이의 기호성을 고려한 혼합 간식입니다. 40g의 소포장으로 신선하게 제공되며, 참치, 멸치, 흰살생선이 조화를 이루어 풍부한 맛을 제공합니다. 고단백 저지방으로 고양이의 건강을 지원하며, 영양가 높은 간식으로 특별한 보상 시간에 적합합니다.",
160,20,1,"브로스 참치, 새우, 흰살생선 파우치 40g",2100,"참치, 새우, 흰살생선을 사용한 파우치 간식 40g",g,40,C2z160,2024.8.3,"브로스 참치, 새우, 흰살생선 파우치 40g으로 고양이에게 다양한 맛을 제공하세요! 신선한 참치, 새우, 흰살생선이 조화를 이루어 고양이의 입맛을 사로잡으며, 부드러운 식감과 풍미로 간편하게 급여할 수 있는 간식입니다. 40g의 실용적인 포장으로 신선함을 유지합니다.",
161,20,1,비타 캣얌 연어 40G,3000,연어가 들어간 고양이 스낵,g,40,C2z161,2024.8.4,"비타 캣얌 연어 40G는 고양이의 미각을 사로잡는 고급 연어 간식입니다. 신선한 연어를 사용하여 풍부한 오메가-3와 오메가-6 지방산을 공급하며, 피부와 모발 건강을 돕습니다. 자연 성분으로 만들어져 안전하고, 고양이에게 건강하고 맛있는 보상을 제공합니다. 소량 포장으로 신선함을 유지하며, 간편하게 제공할 수 있는 간식입니다.",
162,20,1,비타크래프트 캣스틱 연어 3개입,2200,고양이용 연어 맛 캣스틱 3개,개,3,C2z162,2024.8.5,"비타크래프트 캣스틱 연어 3개입으로 고양이에게 맛있는 즐거움을 선사하세요! 연어의 풍미를 담은 이 캣스틱은 부드럽고 고소한 맛이 고양이의 식욕을 자극합니다. 간편한 스틱 형태로 언제 어디서나 간식으로 제공할 수 있으며, 건강한 성분으로 안전하게 급여할 수 있습니다.",
163,20,1,비타크래프트 캣스틱 코어피쉬 3개입,2200,코어피쉬를 주재료로 한 캣스틱,개,3,C2z163,2024.7.10,"비타크래프트 캣스틱 코어피쉬 3개입으로 고양이에게 특별한 간식을! 코어피쉬의 깊고 진한 맛이 고양이의 입맛을 사로잡으며, 부드럽고 씹기 좋은 식감으로 간편하게 제공할 수 있습니다. 영양가가 높고 자연 재료로 만들어져 건강하게 먹일 수 있으며, 간식으로 또는 훈련 보상으로 적합합니다.",
164,20,1,비타크래프트 캣얌 연어 40g,3000,연어를 주원료로 사용하여 부드럽고 맛있는 간식,g,40,C2z164,2024.7.11,"고양이의 입맛을 사로잡는 비타크래프트 캣얌 연어 40g! 신선한 연어를 주원료로 사용하여 부드럽고 맛있는 간식이 됩니다. 풍부한 단백질과 오메가-3 지방산이 고양이의 피부와 털 건강을 지원하며, 자연 그대로의 맛과 영양을 담았습니다. 작은 사이즈로 간편하게 급여할 수 있어 일상적인 간식이나 훈련 보상으로 적합합니다.",
165,20,1,비타크래프트 캣얌 치즈 40g,3000,고양이를 위한 맛있는 치즈 맛 간식,g,40,C2z165,2024.7.12,"비타크래프트 캣얌 치즈 40g으로 고양이에게 풍부한 맛과 영양을 제공하세요! 부드러운 치즈 맛이 고양이의 입맛을 사로잡으며, 고단백 간식으로 건강을 지원합니다. 소량 포장으로 신선함을 유지하며, 간편하게 급여할 수 있는 비타크래프트의 인기 간식입니다.",
166,32,1,서울우유 아이펫밀크 180ml x 3팩,5500,반려동물을 위한 아이펫밀크 3팩 세트,ml,540,Z2z166,2024.7.13,"서울우유 아이펫밀크 180ml x 3팩으로 반려동물의 맛있는 영양 간식! 고소하고 신선한 우유로 만들어진 이 밀크는 반려동물에게 필수 영양소를 보충하며, 소화가 잘 되는 성분으로 건강을 지원합니다. 180ml의 소형 팩으로 실용적이며, 3팩으로 넉넉하게 사용할 수 있습니다.",
167,8,1,서울우유 아이펫밀크 70ml x 3팩,3200,반려동물에게 고소한 우유의 영양을 제공하는 우유 음료입니다.,ml,210,D2z167,2024.7.14,"서울우유 아이펫밀크는 반려동물의 건강과 맛을 고려한 특수 밀크입니다. 70ml 용량의 3팩으로 제공되며, 반려동물의 소화와 영양을 고려하여 설계되었습니다. 신선한 우유 원료로 제작되어 반려동물의 영양 보충과 수분 공급에 효과적입니다. 특별한 첨가물 없이 순수 우유의 맛과 영양을 제공하여, 반려동물에게 간편하고 건강한 간식 옵션을 제공합니다.",
168,8,1,셰프요리 연어 야채 400g,9900,연어와 야채로 만든 셰프요리 사료 400g,g,400,D2z168,2024.7.15,"셰프요리 연어 야채 400g으로 반려동물에게 맛있고 건강한 식사를 제공하세요! 신선한 연어와 다양한 야채가 조화를 이루어 균형 잡힌 식사를 제공하며, 반려동물의 영양을 효과적으로 보충해 줍니다. 부드러운 식감과 맛있는 맛으로 반려동물의 입맛을 사로잡으며, 간편하게 급여할 수 있는 캔 타입입니다.",
169,8,1,셰프요리 칠면조 순살 400g,9900,"칠면조 순살, 신선한 강아지 영양 간식",g,400,D2z169,2024.7.16,"칠면조 순살이 포함된 이 사료는 반려견의 건강과 맛을 고려하여 제작되었습니다. 400g의 대용량으로 제공되며, 신선한 칠면조 고기의 풍미와 영양을 담고 있습니다. 단백질과 필수 영양소가 풍부하여 반려견의 건강한 성장을 지원하며, 매일 급여하기에 적합한 제품입니다.",
170,12,1,손가락 칫솔 (1회용),6200,"일회용 손가락 칫솔, 간편한 애견 구강 관리",개,30,D3z170,2024.7.17,"손가락에 끼워 사용하는 1회용 칫솔은 반려동물의 치아를 간편하게 관리할 수 있는 도구입니다. 위생적이며, 손가락에 쉽게 착용하여 사용하므로 치아를 꼼꼼하게 닦을 수 있습니다. 소형 디자인으로 반려동물의 구강을 세심하게 관리할 수 있으며, 치아 건강을 유지하는 데 도움이 되는 유용한 제품입니다.",
171,8,1,순살듬뿍 안심치킨 300g,13500,고단백 저지방으로 건강에 좋은 치킨 맛 간식입니다.,g,300,D2z171,2024.7.18,"순살 듬뿍 안심 치킨 300g은 반려견을 위한 고단백 간식입니다. 신선한 순살 치킨을 사용하여 풍부한 단백질과 영양을 제공합니다. 이 간식은 반려견의 근육과 피부 건강을 지원하며, 맛있게 즐길 수 있는 건강한 선택입니다. 자연 그대로의 치킨 맛과 향을 유지하며, 인공 첨가물 없이 안전하게 제조되었습니다. 간편하게 휴대할 수 있는 포장으로, 훈련 보상용이나 간식으로 이상적입니다.",
172,8,1,순살듬뿍 오리말이스틱 30P,11000,"오리를 사용한 건강한 간식으로, 소화가 잘 되며 맛도 좋습니다.",g,300,D2z172,2024.7.19,"순살 듬뿍 오리 말이 스틱 30P (300g)은 반려견을 위한 특별한 간식입니다. 신선한 순살 오리를 사용하여 만들어진 이 스틱은 높은 단백질 함량과 우수한 영양가를 자랑합니다. 오리 고기의 자연스러운 풍미와 영양을 그대로 담아, 반려견이 맛있게 즐길 수 있습니다. 씹는 질감이 좋으며, 간편한 포장으로 신선하게 보관할 수 있습니다. 인공 첨가물이나 방부제를 사용하지 않아 안전하고 건강하게 반려견에게 제공할 수 있습니다.",
173,8,1,순살듬뿍 치킨말이스틱 30P,11000,"치킨을 메인으로 한 맛있는 스틱 형태의 간식으로, 씹는 재미가 더해져 있습니다.",g,300,D2z173,2024.7.20,"순살 듬뿍 치킨 말이 스틱 30P (300g)은 반려견을 위한 고단백 간식입니다. 신선한 순살 치킨을 사용하여 맛과 영양이 풍부하며, 고기 본연의 맛을 그대로 느낄 수 있습니다. 씹는 재미와 함께 건강한 단백질을 공급하여 반려견의 근육과 피부 건강을 지원합니다. 각 스틱은 간편하게 휴대 가능하며, 간식으로 제공하거나 훈련 보상용으로 적합합니다. 화학 첨가물이나 인공 색소를 사용하지 않아 안전하게 반려견에게 제공할 수 있습니다.",
174,16,1,쉬바 참치 슬라이스와 그레이비 소스 85g,2400,참치와 그레이비 소스가 들어간 쉬바의 고양이용 파우치 사료입니다.,g,85,C1z174,2024.7.21,"쉬바 참치 슬라이스와 그레이비 소스는 신선한 참치 슬라이스를 그레이비 소스와 함께 담은 고양이용 간식입니다. 85g의 용량으로 제공되며, 참치의 풍부한 맛과 부드러운 식감이 특징입니다. 고양이의 기호성을 높이고 영양을 보충해줍니다.",
175,16,1,쉬바 참치 흰살과 젤리 소스 85g,2400,참치 흰살과 젤리 소스 쉬바 파우치 85g,g,85,C1z175,2024.7.22,"쉬바 참치 흰살과 젤리 소스 85g은 고양이를 위한 고급 캔 간식입니다. 신선한 참치 흰살이 부드럽게 조리되어 젤리 소스와 함께 제공됩니다. 고양이의 미각을 만족시키는 맛과 질감으로, 건강한 단백질을 공급하며, 파우치 포장으로 신선함을 유지합니다. 간편하게 제공할 수 있는 고양이의 특별 간식입니다.",
176,20,1,쉬바 참치살코기와 게살그레이비소스85g,2400,신선한 참치 살과 고급스러운 게살 그레이비 소스로 만든 고양이용 캔 사료,g,85,C2z176,2024.7.23,"쉬바 참치살코기와 게살그레이비소스 85g으로 고양이에게 풍부한 맛과 영양을 제공하세요! 신선한 참치와 게살이 조화를 이루는 이 캔은 고양이의 입맛을 사로잡으며, 부드러운 그레이비 소스가 더욱 맛있게 해줍니다. 85g의 실용적인 용량으로 간편하게 급여할 수 있습니다.",
177,16,1,쉬바 참치와 게살 70g,1800,참치와 게살이 들어간 고양이용 캔 간식입니다.,g,70,C1z177,2024.7.24,"쉬바 참치와 게살은 신선한 참치와 게살을 사용한 고양이 간식입니다. 70g의 용량으로 제공되며, 풍부한 맛과 촉촉한 식감이 고양이의 기호성을 높입니다. 필수 영양소가 포함되어 있어 건강한 간식으로, 특별한 보상 시간에 적합합니다.",
178,20,1,쉬바 참치와 닭고기 70g,1800,신선한 참치와 닭고기 혼합으로 만든 고양이용 캔 사료,g,70,C2z178,2024.7.25,"쉬바 참치와 닭고기 70g으로 고양이에게 맛있는 간식을! 참치와 닭고기의 조화로운 조리법으로 부드럽고 맛있는 간식을 제공하며, 고양이의 식사 시간을 더욱 즐겁게 만들어 줍니다. 70g의 실용적인 양으로 간편하게 급여할 수 있는 제품입니다.",
179,16,1,쉬바 참치와 도미 70g,1800,고양이를 위한 참치와 도미 혼합 사료입니다.,g,70,C1z179,2024.7.26,"쉬바 참치와 도미는 고급 참치와 도미를 사용한 고양이용 간식입니다. 70g의 적당한 용량으로 신선하게 제공되며, 풍부한 맛과 향이 고양이의 입맛을 사로잡습니다. 필수 영양소가 포함되어 있어 고양이의 건강을 유지하는 데 도움을 줍니다.",
180,14,1,쉬바 참치와 연어 70g,1800,참치와 연어가 들어간 쉬바 파우치 70g,g,70,C1a180,2024.7.27,"쉬바 참치와 연어 70g으로 반려동물에게 특별한 간식을 선물하세요! 신선한 참치와 연어가 조화를 이루는 이 간식은 고양이의 입맛을 사로잡는 부드럽고 맛있는 선택입니다. 자연 식재료로 만들어져 영양이 풍부하고, 인공 첨가물이 없어 건강한 간식으로 안심하고 제공할 수 있습니다.",
181,16,1,쉬바 파우치 참치 70g,1800,약용 샴푸로 피부 건강 관리,g,70,C1z181,2024.7.28,"쉬바 파우치 참치 70g은 고양이를 위한 고급 참치 간식입니다. 신선한 참치가 주 원료로 사용되어 고양이의 미각을 사로잡습니다. 부드럽고 촉촉한 질감이 고양이에게 큰 만족을 주며, 비타민과 미네랄이 풍부하여 건강을 지원합니다. 편리한 파우치 포장으로 신선함을 유지하며, 고양이의 특별한 간식으로 적합합니다.",
182,16,1,쉬바참치와닭고기파우치6팩 420g,9900,참치와 닭고기로 만든 파우치 사료 6팩 세트 420g,g,420,C1z182,2024.7.29,"쉬바 참치와 닭고기 파우치 6팩 420g으로 고양이에게 풍부한 맛과 영양을! 신선한 참치와 닭고기가 조화를 이루어 고양이의 입맛을 사로잡으며, 부드러운 식감과 맛으로 간편하게 급여할 수 있습니다. 6팩의 파우치로 실용적이며, 고양이의 식사를 만족스럽게 채워줍니다.",
183,14,1,쉬바참치와연어파우치6팩 420g,9900,"참치와 연어가 들어간 쉬바 파우치 6팩, 총 420g",g,420,C1a183,2024.7.30,"쉬바 참치와 연어 파우치 6팩 420g은 고양이를 위한 완벽한 식사 솔루션입니다. 신선한 참치와 연어가 풍부하게 담겨 있어 맛과 영양을 동시에 제공합니다. 파우치 형태로 간편하게 급여할 수 있으며, 수분이 풍부하여 고양이의 수분 섭취를 돕습니다. 매일의 식사에 신선함을 더해 보세요.",
184,6,1,슈퍼츄 터키츄 링S 10개입,9900,맛있는 터키츄 링S 10개 세트,개,10,D2a184,2024.7.31,"슈퍼츄 터키츄 링S 10개입으로 반려동물의 간식 시간을 더욱 즐겁게! 부드럽고 씹기 좋은 터키츄 링은 고단백 간식으로 반려동물의 건강을 지원합니다. 작은 사이즈로 설계되어 작은 입에도 적합하며, 맛있는 터키의 풍미가 입맛을 사로잡습니다. 10개입으로 넉넉하게 제공되어 훈련 보상이나 간식으로 적합합니다.",
185,5,1,슈퍼츄 터키츄 링S 1개입,1090,"작은 크기의 강아지용 터키 츄 링으로, 먹는 재미를 더해줍니다.",X,1,D2j185,2024.8.1,"슈퍼츄 터키츄 링S 1개입은 반려견을 위한 맛있는 씹기 간식입니다. 고품질 터키 고기를 사용하여 만들어져 단백질이 풍부하며, 씹는 즐거움을 제공합니다. 링 형태로 제작되어 반려견이 쉽게 잡고 씹을 수 있습니다. 치아 건강에 도움을 주는 텍스처로 치석과 플라크 제거에 효과적입니다. 하루 한 번, 반려견의 구강 건강을 관리하고 스트레스를 해소하는 데 이상적인 간식입니다.",
186,6,1,슈퍼츄 터키츄 본M 1개입,2190,"터키츄 본, 중형견용 씹는 간식",X,1,D2a186,2024.8.2,"슈퍼츄 터키츄 본M은 반려견을 위한 건강한 간식으로, 1개입 패키지로 제공됩니다. 터키 맛이 풍부하며, 씹는 재미와 함께 단백질을 공급해 줍니다. 튼튼한 질감이 치아 건강을 지원하며, 영양가가 높아 간식과 훈련 보상으로 적합합니다. 반려견의 입맛을 사로잡는 제품입니다.",
187,6,1,슈퍼츄 터키츄 본S 10개입,9900,작은 크기의 슈퍼츄 터키 츄 본 10개,개,130,D2a187,2024.8.3,"반려견을 위한 최고의 간식, 슈퍼츄 터키츄 본S 10개입을 소개합니다! 자연 그대로의 터키 고기를 사용하여 만든 이 간식은 반려견에게 건강하고 맛있는 즐거움을 선사합니다. 단단한 본 형태로 제작되어 치아 건강을 도와주고, 오랜 시간 씹을 수 있어 스트레스 해소에도 효과적입니다. 소화가 잘 되는 고품질 원료를 사용해 민감한 반려견도 안심하고 먹을 수 있습니다. 개별 포장으로 신선함을 유지하며, 야외 활동 시에도 간편하게 휴대할 수 있습니다. 슈퍼츄 터키츄 본S 10개입으로 반려견에게 특별한 간식을 선물해 보세요!",
188,5,1,슈퍼츄 터키츄 본S 1개입,1090,소형견을 위한 터키츄 본S 간식,X,1,D2j188,2024.8.4,"슈퍼츄 터키츄 본S 1개입으로 반려동물에게 고단백 간식을 제공하세요! 부드러운 터키츄 본은 씹기 좋은 질감으로 반려동물의 치아 건강을 지원하며, 맛있고 풍부한 터키의 풍미가 입맛을 사로잡습니다. 1개입으로 간편하게 급여할 수 있으며, 훈련 보상이나 간식으로 적합합니다.",
189,3,1,시저 11세 이상 쇠고기 캔 3개입,6200,"11세 이상 고양이를 위한 쇠고기 캔 사료로, 노령 고양이의 영양을 지원합니다.",개,3,D1s189,2024.8.5,"시저 11세 이상 쇠고기 캔 3개입은 고령 반려견을 위한 프리미엄 습식 사료입니다. 신선한 쇠고기를 사용하여 부드러운 식감과 풍부한 영양을 제공합니다. 고령 반려견의 소화기 건강을 지원하며, 필수 비타민과 미네랄이 포함되어 있어 전반적인 건강을 유지합니다. 각 캔은 개별 포장되어 있어 신선함을 유지하며, 간편하게 급여할 수 있습니다. 맛과 영양을 모두 갖춘 고령 반려견을 위한 이상적인 선택입니다.",
190,3,1,시저 11세 이상 닭고기 캔 3개입,6200,11세 이상 시저 강아지용 닭고기 캔 3팩,개,3,D1s190,2024.7.10,"시저 11세 이상 닭고기 캔 3개입은 중장년견을 위한 맛있는 식사입니다. 신선한 닭고기가 주 재료로 사용되어 고단백과 함께 부드러운 식감을 제공합니다. 나이가 든 강아지의 건강을 고려하여 영양이 균형 잡힌 레시피로, 쉽게 소화되고 맛있게 즐길 수 있습니다. 3개입으로 실용적이며, 건강한 식사로 반려견의 만족도를 높여줍니다.",
191,3,1,시저 14세 이상 쇠고기와 쌀과 야채 캔 3개입,6200,"14세 이상 개를 위한 쇠고기, 쌀과 야채로 조리된 캔 사료 세트",개,3,D1s191,2024.7.11,"시저 14세 이상 쇠고기와 쌀과 야채 캔 3개입으로 노령견에게 맞춤 영양을 제공하세요! 부드러운 쇠고기와 영양이 풍부한 쌀, 야채가 조화를 이루어 반려견의 입맛을 사로잡으며, 노령견의 건강을 고려한 영양 성분으로 만들어졌습니다. 3개입의 실용적인 용량으로 간편하게 급여할 수 있습니다.",
192,8,1,시저 닭고기 캔 3개입,6200,신선한 닭고기를 사용한 캔 사료 세트,개,3,D2z192,2024.7.12,"시저 닭고기 캔 3개입으로 반려견에게 맛있는 식사를 제공하세요! 신선한 닭고기가 가득 담긴 이 캔은 부드럽고 먹기 쉬운 식감으로 반려견의 입맛을 사로잡으며, 영양이 풍부하여 균형 잡힌 식사를 지원합니다. 3개입으로 경제적이며, 간편하게 급여할 수 있는 캔 타입입니다.",
193,4,1,시저 불고기 캔 3개입,6200,시저의 불고기 맛 캔 간식입니다.,개,3,D1z193,2024.7.13,"시저 불고기 캔은 반려견이 좋아하는 불고기 맛을 담은 고급 간식입니다. 3개입으로 제공되며, 신선한 고기를 사용하여 고소하고 진한 맛이 특징입니다. 소량씩 급여하기에 편리하며, 필수 영양소가 포함되어 있어 건강한 간식 선택입니다.",
194,8,1,시저 비프 앤 치킨 캔 3개입,6200,"비프와 치킨이 들어간 강아지 캔 사료로, 강아지가 좋아할 맛입니다.",개,3,D2z194,2024.7.14,"시저 비프 앤 치킨 캔 3개입은 반려견을 위한 고급 습식 사료입니다. 신선한 비프와 치킨이 주원료로 사용되어 단백질이 풍부하며, 반려견의 근육과 뼈 건강을 지원합니다. 촉촉한 식감과 맛있는 풍미로 까다로운 입맛의 반려견도 만족시킵니다. 각 캔은 개별 포장되어 있어 신선함을 유지하며, 편리하게 급여할 수 있습니다. 주식 또는 간식으로 이상적인 선택입니다.",
195,8,1,시저 소고기 캔 3개입,6200,"소고기로 만든 강아지 캔 사료로, 고기의 맛을 즐길 수 있습니다.",개,3,D2z195,2024.7.15,"시저 소고기 캔 3개입은 반려견을 위한 고급 습식 사료입니다. 신선한 소고기가 주원료로 사용되어 단백질이 풍부하며, 반려견의 근육과 뼈 건강을 지원합니다. 촉촉한 식감과 맛있는 풍미로 까다로운 입맛의 반려견도 만족시킵니다. 각 캔은 개별 포장되어 있어 신선함을 유지하며, 편리하게 급여할 수 있습니다. 주식 또는 간식으로 이상적인 선택입니다.",
196,8,1,시저 쇠고기와 참치 캔 3개입,6200,소고기와 참치로 만든 강아지 캔 사료,개,3,D2z196,2024.7.16,"반려동물의 식사를 더욱 맛있게 해줄 시저 쇠고기와 참치 캔 3개입! 풍부한 쇠고기와 참치의 조화로 고양이의 입맛을 완벽하게 만족시킵니다. 부드러운 텍스처와 높은 수분 함량으로 맛있게 먹을 수 있으며, 필수 영양소가 가득하여 균형 잡힌 식사를 제공합니다. 간편하게 급여할 수 있는 캔 타입으로 더욱 실용적입니다.",
197,4,1,시저 양고기 캔 3개입,6200,시저의 양고기 맛 캔 간식 세트입니다.,개,3,D1z197,2024.7.17,"시저 양고기 캔은 신선한 양고기를 사용하여 만든 고급 반려견용 간식입니다. 3개입으로 제공되며, 풍부한 맛과 부드러운 식감이 반려견의 입맛을 사로잡습니다. 간식으로 급여하기에 적합하며, 필수 영양소가 포함되어 있어 건강을 유지하는 데 도움을 줍니다.",
198,8,1,시저 연어와 감자 캔 3개입,6200,"연어와 감자를 사용한 강아지 캔 사료로, 맛있는 고기와 채소를 함께 제공합니다.",개,3,D2z198,2024.7.18,"시저 연어와 감자 캔 3개입은 반려견을 위한 고급 습식 사료입니다. 신선한 연어와 감자가 주원료로 사용되어 풍부한 영양을 제공합니다. 고단백 저지방 사료로 반려견의 건강과 활력을 유지해줍니다. 촉촉한 식감과 맛있는 풍미로 까다로운 반려견의 입맛도 사로잡습니다. 각 캔은 개별 포장되어 있어 신선함을 유지하며, 편리하게 급여할 수 있습니다. 주식 또는 간식으로 이상적인 선택입니다.",
199,1,1,시저 퍼피 쇠고기와 달걀 캔 3개입,6200,쇠고기와 달걀 어린 강아지용 캔,개,3,D1j199,2024.7.19,"시저 퍼피 쇠고기와 달걀 캔 3개입은 강아지를 위한 맛있는 캔 사료입니다. 쇠고기와 달걀을 사용하여 풍부한 단백질과 필수 영양소를 제공합니다. 부드러운 식감으로 강아지가 쉽게 먹을 수 있으며, 성장기에 필요한 영양을 균형 있게 공급합니다. 3개의 캔으로 간편하게 급여할 수 있습니다.",
200,8,1,시저 허브 타임과 호박 닭고기 캔 3개입,6200,허브 타임과 호박이 들어간 닭고기 캔 사료 세트,개,3,D2z200,2024.7.20,"시저 허브 타임과 호박 닭고기 캔 3개입으로 반려견의 입맛을 사로잡으세요! 허브 타임과 호박이 가미된 닭고기로 풍부한 맛과 영양을 제공하며, 부드러운 식감으로 반려견의 식사 시간을 즐겁게 합니다. 3개입으로 실용적이며, 간편하게 급여할 수 있는 제품입니다.",
201,1,1,시저 흰살생선과 야채 캔 3개입,6200,시저의 흰살 생선과 야채가 들어간 캔 3개 포함,개,3,D1j201,2024.7.21,"시저 흰살생선과 야채 캔 3개입으로 반려동물의 식사를 더욱 풍성하게! 흰살생선과 신선한 야채가 조화를 이루는 이 캔은 부드럽고 맛있는 식감을 제공합니다. 고양이의 식욕을 자극하며, 필수 영양소를 골고루 섭취할 수 있습니다. 3개입으로 실용적이며 간편한 급여가 가능합니다.",
202,3,1,시저14세 이상 닭고기와 쌀과 야채 캔 3개입,6200,"14세 이상 시저 강아지용 닭고기, 쌀, 야채 캔 3팩",개,3,D1s202,2024.7.22,"시저 14세 이상 닭고기와 쌀과 야채 캔 3개입은 노령견을 위한 영양 가득한 식사입니다. 신선한 닭고기와 부드러운 쌀, 다양한 야채가 조화롭게 어우러져 풍부한 맛과 영양을 제공합니다. 나이 든 반려견의 소화와 건강을 고려한 레시피로, 쉽게 소화되며 필수 비타민과 미네랄이 포함되어 있습니다. 3개입으로 간편하게 급여할 수 있습니다.",
203,20,1,아스크 게살 슬라이스 50g,7200,"신선한 게살 슬라이스, 고양이 간식으로 적합합니다.",g,50,C2z203,2024.7.23,"아스크 게살 슬라이스는 고품질 게살을 신선하게 슬라이스한 제품으로, 반려동물에게 특별한 간식을 제공합니다. 100% 자연산 게살을 사용하여 인공 첨가물 없이 건강하고 맛있습니다. 게살의 풍부한 단백질과 영양소가 반려동물의 건강을 돕고, 부드러운 식감이 입맛을 사로잡습니다. 훈련용 보상이나 특별한 순간을 위한 간식으로 최적입니다.",
204,1,1,아침애 사료 플러스 오리 1kg,19000,오리를 주 재료로 한 강아지용 사료입니다.,g,1000,D1j204,2024.7.24,"아침애 사료 플러스 오리는 신선한 오리고기를 주원료로 사용한 반려견용 사료입니다. 1kg의 용량으로 제공되며, 고단백 저지방으로 반려견의 체중 관리와 근육 발달에 도움을 줍니다. 소화가 잘 되는 재료로 만들어져 민감한 위장에도 부담 없이 급여할 수 있습니다.",
205,3,1,아침애 사료 플러스 피부건강 1kg,19000,피부 건강에 좋은 강아지용 사료입니다.,g,1000,D1s205,2024.7.25,"아침애 사료 플러스 피부건강은 반려견의 피부와 털 건강을 위한 고급 사료입니다. 1kg의 적당한 용량으로 제공되며, 오메가-3와 오메가-6 지방산이 풍부하여 피부와 털을 윤기 있게 유지합니다. 고품질 원료로 소화가 잘 되고 맛도 뛰어납니다.",
206,12,1,애견 전용 면봉 200pcs,6000,강아지 귀 청소에 사용할 수 있는 면봉입니다.,개,200,D3z206,2024.7.26,"애견 전용 면봉은 반려동물의 귀와 눈 주변을 청소하기 위해 설계된 제품입니다. 200개입의 대용량으로 제공되며, 부드러운 면봉 끝이 자극 없이 청소할 수 있도록 도와줍니다. 반려동물의 위생 관리를 쉽게 할 수 있으며, 청결한 환경을 유지하는 데 도움을 줍니다.",
207,10,1,애견 전용 면봉 80개,3000,강아지의 귀를 위한 전용 면봉입니다.,개,80,D3a207,2024.7.27,"애견 전용 면봉은 반려동물의 귀나 눈 주변을 청소하기에 적합한 제품입니다. 80개입으로 경제적이며, 부드러운 면봉 끝이 자극 없이 청소할 수 있도록 도와줍니다. 반려동물의 위생 관리를 쉽게 할 수 있어, 청결하고 건강한 생활을 유지하는 데 도움을 줍니다.",
208,12,1,애구애구 대형견 쿨매트 해명 S-XL,25500,시원하고 편안한 휴식을 위한 최고급 쿨매트,cm,80,D3z208,2024.7.28,"애구애구 대형견 쿨매트 해명 S-XL은 다양한 사이즈로 제공되는 대형견 전용 쿨매트입니다. 여름철 더위로부터 반려견을 보호하고 시원한 휴식을 제공하는 제품으로, 통기성과 쿨링 효과가 뛰어납니다. 내구성이 강하고 세척이 용이하여, 대형견의 편안한 휴식을 도와주는 제품입니다.",
209,36,1,애니펫 안면 빗,3000,강아지나 고양이의 얼굴 청결을 위한 빗,X,1,Z3z209,2024.7.29,"애니펫안면빗은 반려동물의 얼굴과 털을 부드럽게 빗어주는 도구입니다. 섬세한 브러시가 털의 엉킴을 방지하고, 얼굴 부위의 털을 부드럽게 다듬어줍니다. 편안한 그립과 사용하기 쉬운 디자인으로 반려동물의 미용 관리에 유용한 제품입니다. 정기적인 사용으로 깔끔한 털을 유지할 수 있습니다.",
210,6,1,앱솔루트 바이트 자연건조 고구마 1kg,21500,자연 건조 방식으로 만든 고구마 간식,g,1000,D2a210,2024.7.30,"앱솔루트 바이트 자연건조 고구마는 100% 자연 고구마를 저온 건조하여 만든 건강 간식입니다. 1kg 대용량으로 경제적이며, 고구마의 풍부한 섬유질이 반려동물의 소화를 돕습니다. 인공 첨가물이 없어 안전하고, 씹는 재미로 스트레스 해소에도 좋습니다.",
211,6,1,야채 스낵 육포말이,3500,야채가 들어간 육포 말이 간식,g,20,D2a211,2024.7.31,"야채스낵 육포말이는 반려견을 위한 건강한 간식으로, 신선한 육류와 다양한 야채를 조화롭게 말아 만든 제품입니다. 고단백 성분과 함께 비타민과 미네랄이 풍부하여 반려견의 건강을 지원하며, 씹는 재미와 영양을 동시에 제공합니다. 자연 재료로 만들어져 소화가 잘 되며, 간편하게 제공할 수 있는 맛있는 간식입니다.",
212,36,1,에티펫 귀깨끗시트 30매,2500,반려동물의 귀를 청소하는 티슈 30매,개,30,Z3z212,2024.8.1,"반려동물의 귀 건강을 위한 최적의 선택, 에티펫 귀깨끗시트 30매를 소개합니다! 이 편리한 시트는 귀 안쪽의 먼지와 불순물을 부드럽게 닦아주어 귀 건강을 유지하는 데 도움을 줍니다. 피부에 자극 없이 사용할 수 있도록 순한 성분으로 만들어졌으며, 알로에 베라와 같은 자연 유래 성분이 함유되어 귀를 촉촉하고 깨끗하게 관리해줍니다. 개별 포장으로 언제 어디서나 간편하게 사용 가능하며, 반려동물의 귀 관리 시간을 더욱 쉽고 즐겁게 만들어 줍니다. 에티펫 귀깨끗시트 30매로 반려동물의 귀를 깨끗하고 건강하게 유지해 보세요!",
213,36,1,에티펫 눈물자국 깨끗시트 30매,2500,반려동물의 눈물 자국을 청소하는 티슈 30매,개,30,Z3z213,2024.8.2,"반려동물의 눈가 관리에 최적화된 에티펫 눈물자국 깨끗시트 30매를 소개합니다! 이 시트는 눈물 자국과 눈가 주변의 오염물을 부드럽게 제거하여 반려동물의 얼굴을 깨끗하고 상쾌하게 유지해줍니다. 순한 성분으로 만들어져 피부 자극 없이 사용할 수 있으며, 알로에 베라와 비타민 E가 함유되어 눈가 피부를 촉촉하고 건강하게 보호해줍니다. 개별 포장으로 신선함을 유지하며, 언제 어디서나 간편하게 사용 가능합니다. 에티펫 눈물자국 깨끗시트 30매로 반려동물의 눈가를 항상 청결하게 관리해 보세요!",
214,36,1,에티펫 바르는 치약 100ml,7900,반려동물의 구강 건강을 위한 바르는 치약,ml,100,Z3z214,2024.8.3,"에티펫 바르는 치약은 반려동물의 치아 건강을 관리할 수 있는 치약입니다. 100ML의 용량으로, 치약을 바르고 마사지하면 치석과 플라크 제거에 도움을 줍니다. 구강 내 세균 억제와 상쾌한 입 냄새를 유지하며, 사용이 간편하여 효과적인 구강 관리가 가능합니다.",
215,35,1,에티펫 발바닥보호밤,8900,발바닥을 보호하는 반려동물용 보호밤,g,40,Z3s215,2024.8.4,"에티펫 발바닥 보호 밤은 반려동물의 발바닥을 보호하고 건강하게 유지하는 제품입니다. 천연 성분으로 제작되어 발바닥의 건조함과 균열을 방지하며, 보습 효과가 뛰어나 반려동물의 발바닥을 부드럽고 건강하게 유지합니다. 간편하게 바를 수 있으며, 반려동물의 안전과 편안함을 제공합니다.",
216,35,1,에티펫 부드럽게칫솔,3300,"부드러운 사용감의 칫솔, 에티펫 부드럽게칫솔",X,1,Z3s216,2024.8.5,"에티펫 부드럽게 칫솔로 반려동물의 구강 건강을 효과적으로 관리하세요! 부드러운 브리슬이 치아와 잇몸을 자극 없이 깨끗하게 닦아주며, 편안한 그립으로 사용이 용이합니다. 초보자도 쉽게 사용할 수 있으며, 정기적인 칫솔질로 구강 질환을 예방하고 상쾌한 입냄새를 유지할 수 있습니다.",
217,33,1,에티펫 시작부터칫솔,3300,반려동물의 칫솔질을 시작하는 데 적합한 에티펫 제품,X,1,Z3j217,2024.7.10,"반려동물의 구강 건강 관리를 위한 필수 아이템, 에티펫 시작부터칫솔! 부드러운 브리스틀이 반려동물의 치아와 잇몸을 자극 없이 깨끗하게 닦아줍니다. 편안한 그립과 효율적인 디자인으로 초보자도 쉽게 사용할 수 있으며, 정기적인 칫솔질로 구강 질환을 예방하고 상쾌한 입냄새를 유지할 수 있습니다.",
218,36,1,에티펫 얼룩냄새깨끗 청소티슈,3000,반려동물 얼굴의 얼룩과 냄새를 깨끗하게 청소하는 청소티슈,개,50,Z3z218,2024.7.11,"에티펫 얼룩냄새깨끗 청소티슈로 집안의 청결을 유지하세요! 이 청소티슈는 반려동물의 얼룩과 냄새를 효과적으로 제거하며, 순한 성분으로 안전하게 사용할 수 있습니다. 빠르고 간편하게 청소할 수 있어 바쁜 일상에서도 실용적이며, 세심한 관리가 필요한 공간에서도 유용합니다.",
219,36,1,에티펫 치아깨끗시트 30매,2500,고양이와 강아지의 치아 건강을 위한 깨끗한 시트,개,30,Z3z219,2024.7.12,"에티펫 치아깨끗시트는 반려동물의 구강 위생을 위한 간편한 치아 관리 시트입니다. 30매입으로 경제적이며, 손쉽게 치아를 닦아줄 수 있어 치석과 플라크 제거에 효과적입니다. 신선한 향과 함께 구강 건강을 유지하는 데 도움을 줍니다.",
220,36,1,엠피에스 이태리 스쿠도3 그레이,77000,이태리산 고급 그레이 이동장,X,1,Z3z220,2024.7.13,"엠피에스 이태리 스쿠도3 그레이는 고양이와 반려견을 위한 세련된 디자인의 캣타워입니다. 고품질 재료로 제작되어 튼튼하고 안정감 있으며, 다양한 레벨과 휴식 공간이 마련되어 있어 반려동물이 편안하게 쉴 수 있습니다. 그레이 색상으로 현대적인 인테리어와 잘 어울리며, 기능성과 디자인을 모두 갖춘 제품입니다.",
221,36,1,예펫 우주선 켄넬 이동장 하우스,69000,반려동물의 편안함과 주인의 편리함을 한 번에 만족시키는 이동용 완벽 아이템,X,1,Z3z221,2024.7.14,"예펫 우주선 켄넬 이동장 하우스 퍼플/그레이는 현대적인 디자인과 실용성을 겸비한 이동장입니다. 퍼플과 그레이 색상 조합으로 세련된 외관을 갖추고 있으며, 넓은 내부 공간과 통풍이 잘 되는 메쉬 소재로 반려동물이 편안하게 이동할 수 있습니다. 손잡이와 어깨끈이 있어 편리하게 들거나 메고 이동할 수 있으며, 분리 가능한 바닥판으로 청소가 용이합니다.",
222,10,1,올치 매직 하네스 L,14000,편안하고 안전한 착용감을 제공하는 강아지용 매직 하네스 L 사이즈,X,1,D3a222,2024.7.15,"올치 매직 하네스 L은 반려견을 위한 편안하고 안전한 하네스입니다. 조절 가능한 디자인으로 다양한 체형에 맞게 조절 가능하며, 부드러운 소재로 반려견의 편안한 착용감을 제공합니다. 매끄러운 착용과 견고한 구조로 안전한 산책을 보장하며, 간편한 부착과 분리가 가능합니다.",
223,10,1,올치 매직 하네스 S,14000,작은 크기의 강아지를 위한 편안한 매직 하네스 S 사이즈,X,1,D3a223,2024.7.16,"올치 매직 하네스 S는 반려견의 편안한 착용감을 고려하여 디자인된 하네스입니다. S 사이즈로 소형견에 적합하며, 조절 가능한 스트랩과 인체공학적 디자인으로 편안한 착용이 가능합니다. 강력한 내구성과 반사 소재로 야간 산책 시 안전성을 높였으며, 가벼운 무게로 반려견의 움직임을 방해하지 않습니다. 산책 시 안정감과 편안함을 제공하는 제품입니다.",
224,9,1,올치 킁킁 장난감 A,9000,호기심 발달을 돕는 뼈모양 반려동물 장난감,X,1,D3j224,2024.7.17,"올치 킁킁 장난감 A는 반려견의 놀이 시간을 더욱 활기차게 만들어주는 장난감입니다. 내구성이 뛰어난 소재로 제작되어 오랫동안 사용할 수 있으며, 다양한 질감과 소리로 반려견의 호기심을 자극합니다. 실내외 어디서든 사용할 수 있어 반려견의 스트레스 해소와 신체 활동을 촉진하는 데 도움을 줍니다.",
225,9,1,올치 킁킁 장난감 B,9000,호기심 발달을 돕는 반려동물 장난감,X,1,D3j225,2024.7.18,"올치 킁킁 장난감 B는 반려견의 놀이 시간에 즐거움을 더해주는 고품질 장난감입니다. 내구성이 뛰어난 소재로 제작되어 오래 사용할 수 있으며, 다양한 질감과 소리로 반려견의 호기심을 자극합니다. 놀이를 통해 스트레스를 해소하고 신체 활동을 촉진하는 데 도움을 줍니다.",
226,12,1,우드스틱  SS,6900,장난감으로 사용하기 좋은 소형 우드스틱,X,1,D3z226,2024.7.19,"우드스틱 SS로 반려동물의 씹는 재미를 더해보세요! 견고한 나무로 만들어져 오랜 사용이 가능하며, 씹는 동안 치아 건강을 유지하는 데 도움을 줍니다. 다양한 장난감과 함께 제공되어 반려동물이 흥미롭게 놀 수 있으며, 튼튼한 내구성으로 오랜 시간 즐길 수 있습니다.",
227,6,1,웅자 리얼 스테이크 연어,4500,연어로 만든 강아지용 스테이크,g,100,D2a227,2024.7.20,"웅자 리얼 스테이크는 고양이를 위한 고급 간식으로, 신선한 연어를 사용하여 만들었습니다. 육즙이 풍부하고 부드러운 식감이 고양이의 기호성을 높이며, 고단백으로 건강을 지원합니다. 간식이나 보상용으로 이상적이며, 특별한 날에 주기 좋은 프리미엄 간식입니다.",
228,7,1,웅자 미니 칼슘 닭갈비 100g,4400,칼슘이 풍부한 미니 칼슘 닭갈비 간식 100g,g,100,D2s228,2024.7.21,"웅자 미니 칼슘 닭갈비 100g으로 반려동물에게 맛있고 건강한 간식을! 작은 사이즈와 부드러운 질감으로 소형견과 고양이에게 적합하며, 칼슘이 풍부하여 뼈와 치아 건강을 지원합니다. 맛있는 닭갈비 맛으로 반려동물의 입맛을 사로잡고, 간식으로 이상적인 선택입니다.",
229,8,1,웅자 하드 슬라이스 오리 300g,11900,오리를 하드 슬라이스한 간식 300g,g,300,D2z229,2024.7.22,"웅자 하드 슬라이스 오리 300g은 반려견을 위한 영양 간식으로, 오리를 슬라이스 형태로 건조하여 만들었습니다. 고단백, 저지방 성분으로 반려견의 건강을 지원하며, 씹기 좋은 질감이 치아 건강에도 도움을 줍니다. 300g의 대용량으로 오랜 시간 동안 제공할 수 있으며, 맛과 영양을 동시에 만족시키는 제품입니다.",
230,8,1,웅자 하드 슬라이스 치킨 100g,4400,씹기 좋은 하드 슬라이스 치킨 간식 100g,g,100,D2z230,2024.7.23,"웅자 하드 슬라이스 치킨 100g은 반려견을 위한 건강한 간식으로, 치킨을 슬라이스 형태로 건조하여 만들었습니다. 고단백, 저지방 성분으로 반려견의 체중 관리에 도움을 주며, 치아 건강에도 좋습니다. 하드한 질감이 치석 제거를 도와주며, 씹는 재미와 함께 영양을 제공합니다.",
231,8,1,웅자 하드 슬라이스 치킨 300g,11900,씹기 좋은 하드 슬라이스 치킨 간식 300g,g,300,D2z231,2024.7.24,"웅자 하드 슬라이스 치킨은 반려견을 위한 건강한 간식입니다. 300g의 하드 슬라이스 형태로, 신선한 치킨이 주요 재료로 사용됩니다. 치킨은 고단백, 저지방 식품으로 반려견의 근육 유지와 체중 관리를 지원합니다. 씹기 좋은 질감으로 치아 건강을 돕고, 소화가 잘 되는 성분으로 반려견의 소화 건강을 돕습니다.",
232,4,1,원데이케어 건강한 관절 12개입,14300,영양과 치석관리를 하나로 신개념 뉴트리션 덴탈바,개,12,D1z232,2024.7.25,"원데이케어 건강한 관절은 반려동물의 관절 건강을 지원하는 영양 보충제입니다. 12개입으로 제공되어 지속적인 관리가 가능합니다. 글루코사민, 콘드로이틴, MSM 등 관절 건강에 좋은 성분을 함유하여 관절 통증 완화 및 유연성 향상에 도움을 줍니다. 활동적인 반려동물의 건강을 지켜주는 최고의 선택입니다.",
233,4,1,원데이케어 건강한 유산균 12개입,14300,유산균과 치석관리를 하나로 신개념 뉴트리션 덴탈바,개,12,D1z233,2024.7.26,"원데이케어 건강한 유산균은 반려동물의 장 건강을 지원하는 제품입니다. 12개입으로 제공되며, 장내 유익한 균을 공급하여 소화와 배변을 개선하는 데 도움을 줍니다. 매일 급여하기 쉬운 유산균으로, 반려동물의 건강한 장 환경을 유지할 수 있는 제품입니다.",
234,24,1,원목무늬 스크래쳐,15000,원목 무늬로 디자인된 스크래쳐,X,1,C3z234,2024.7.27,"원목 무늬 스크래쳐는 고양이의 긁기 본능을 충족시키는 필수 아이템입니다. 자연스러운 원목 무늬로 고양이의 관심을 끌며, 내구성이 강하여 오랜 사용이 가능합니다. 집안 인테리어와 잘 어울리는 디자인으로, 고양이의 발톱 건강을 유지하고 가구의 긁힘을 방지합니다.",
235,15,1,위스카스 시니어 참치 80g,1200,시니어 고양이를 위한 참치 파우치 80g,g,80,C1s235,2024.7.28,"위스카스 시니어 참치 80g은 노령 고양이를 위한 영양 간식입니다. 신선한 참치가 주 재료로 사용되어 부드럽고 맛있는 식감을 제공합니다. 노령 고양이의 건강을 고려하여 설계된 제품으로, 필수 비타민과 미네랄이 포함되어 있어 영양을 균형 있게 공급합니다. 80g의 실용적인 포장으로 간편하게 제공할 수 있습니다.",
236,14,1,위스카스 캣 포켓 오션피쉬 1.2kg,11900,고양이를 위한 오션피쉬 맛의 사료,g,1200,C1a236,2024.7.29,"위스카스 캣 포켓 오션피쉬는 신선한 해산물 맛이 가득한 고양이용 건식 사료입니다. 1.2kg의 대용량으로 제공되어 경제적이며, 오메가-3와 같은 필수 영양소가 고양이의 피부와 털 건강을 지원합니다. 바삭한 식감이 고양이의 기호성을 높이며, 영양 균형을 고려한 포뮬러로 건강을 유지합니다.",
237,16,1,위스카스 캣 포켓 헤어볼 닭고기와 참치 1.1kg,11900,"헤어볼 관리용 캣 포켓, 닭고기와 참치 맛 영양 간식",g,1100,C1z237,2024.7.30,"닭고기와 참치를 주원료로 한 고양이 간식으로, 헤어볼 문제를 효과적으로 줄여줍니다. 고양이의 소화와 건강을 고려하여 영양이 균형 잡혀 있으며, 맛있는 간식으로 고양이의 입맛을 만족시킵니다. 1.1kg 대용량 패키지로 경제적이며, 일상적인 간식이나 보상으로 적합합니다. 고양이의 건강한 일상과 행복한 간식 시간을 제공합니다.",
238,14,1,위스카스 파우치 고등어와 연어 80g,1200,고등어와 연어가 들어간 고양이용 파우치 간식,g,80,C1a238,2024.7.31,"위스카스 파우치 고등어와 연어는 신선한 해산물 맛을 담은 고양이 간식입니다. 80g의 소포장으로 제공되며, 고등어와 연어의 풍부한 맛이 고양이의 기호성을 높입니다. 촉촉한 파우치 타입으로 쉽게 급여할 수 있으며, 필수 영양소가 포함되어 있어 건강한 간식입니다.",
239,14,1,위스카스 파우치 고등어 80g*6개,6800,고양이를 위한 조갯살 파우치,g,480,C1a239,2024.8.1,"위스카스파우치 고등어는 신선한 고등어를 담은 맛있는 고양이용 파우치입니다. 각 파우치는 80g의 양으로, 하루 식사에 적합하며 6개입으로 구성되어 경제적입니다. 고등어의 풍부한 오메가-3 지방산과 필수 영양소가 고양이의 건강을 지원하고, 고양이의 기호성을 높이는 촉촉한 식감이 특징입니다.",
240,14,1,위스카스 파우치 구운 고등어 80g,1200,구운 고등어가 들어간 파우치,g,80,C1a240,2024.8.2,"위스카스 파우치 구운 고등어 80g은 고양이를 위한 고급 캔 간식입니다. 신선한 고등어를 구워 맛을 더하며, 고양이가 좋아하는 부드러운 식감을 제공합니다. 풍부한 단백질과 오메가-3가 함유되어 있어 건강을 지원하며, 파우치 포장으로 신선함을 유지합니다. 고양이의 입맛을 만족시킬 수 있는 완벽한 간식입니다.",
241,14,1,위스카스 파우치 주니어 고등어 80g*6개,6800,주니어 고양이를 위한 고등어 파우치 80g씩 6개 포함,g,480,C1a241,2024.8.3,"위스카스파우치 주니어 고등어 (80g*6개)는 고양이의 성장기와 활발한 생활을 위한 고급 캔 간식입니다. 신선한 고등어를 사용하여 풍부한 단백질과 오메가-3를 제공합니다. 부드럽고 맛있는 식감으로 고양이가 좋아하며, 6개입 패키지로 실용적이고 신선한 간식을 간편하게 제공할 수 있습니다.",
242,14,1,위스카스 파우치 참치 80g,1200,고양이를 위한 부드러운 참치 파우치 사료,g,80,C1a242,2024.8.4,"위스카스파우치 참치는 신선한 참치를 담아 고양이에게 제공하는 고품질 간식입니다. 80g의 적당한 용량으로 한 끼 식사로 충분하며, 참치의 풍부한 맛과 영양소가 고양이의 건강을 돕습니다. 촉촉한 파우치 타입으로 기호성이 높습니다.",
243,8,1,자연소재 닭모래집 130g,8200,자연재료로 만들어져 건강에 좋은 닭고기로 만든 간식,g,130,D2z243,2024.8.5,"자연소재 닭모래집 130g은 반려견을 위한 건강한 간식입니다. 신선한 닭모래집을 사용하여 단백질이 풍부하고, 반려견의 근육과 뼈 건강을 지원합니다. 인공 첨가물 없이 자연 그대로의 맛과 영양을 제공하며, 부드러운 질감으로 쉽게 씹고 소화할 수 있습니다. 훈련 간식이나 특별한 보상 간식으로 이상적이며, 모든 연령대의 반려견이 안전하게 먹을 수 있습니다.",
244,8,1,자연소재 사사미 스테이크 160g,8200,"사사미 스테이크, 고단백 저지방 애견 간식",g,160,D2z244,2024.7.10,"자연소재 사사미 스테이크는 고양이와 강아지를 위한 맛있고 건강한 간식입니다. 160g의 패키지로 제공되며, 자연스러운 사사미의 맛과 질감을 제공합니다. 부드럽고 씹기 좋은 스테이크 형태로, 반려동물의 건강과 미각을 고려하여 만든 제품입니다. 간식으로 적합하며, 반려동물의 특별한 시간을 만들어줍니다.",
245,6,1,자연소재 사사미&소프트컷 160g,8200,"순수한 사사미와 부드러운 소프트컷, 강아지 간식",g,160,D2a245,2024.7.11,"자연에서 온 고급 재료로 만들어진 반려견 간식입니다. 사사미와 소프트컷이 조화를 이루어 풍부한 맛과 영양을 제공합니다. 소화가 잘 되는 이 간식은 반려견의 건강을 지키며, 에너지를 공급합니다. 고급 재료로 만들어져 영양과 맛을 동시에 충족시키며, 매일 간식으로 주기 좋습니다. 반려견의 건강한 식사와 행복한 순간을 위해 적합한 제품입니다.",
246,8,1,자연소재 소고기육포스틱 180g,7500,"자연 재료로 만든 강아지 간식, 건강한 먹거리",g,180,D2z246,2024.7.12,"자연소재 소고기육포스틱 180g은 반려견을 위한 건강한 간식입니다. 고품질 소고기를 사용하여 만들어져 단백질이 풍부하며, 인공 첨가물 없이 자연의 맛을 그대로 담았습니다. 쫄깃한 식감으로 반려견의 씹는 재미를 더해주고, 간편한 스틱 형태로 급여가 용이합니다. 소화가 잘 되는 성분들로 구성되어 있어 모든 연령대의 반려견이 안전하게 먹을 수 있습니다. 산책이나 훈련 시 간편하게 휴대할 수 있는 크기로, 반려견의 기분 전환에 최적입니다.",
247,8,1,자연소재 양고기육포&쌀 460g,12700,자연 재료로 만들어져 건강에 좋은 강아지를 위한 고기 육포 간식,g,460,D2z247,2024.7.13,"자연소재 양고기육포&쌀은 반려견을 위한 프리미엄 간식입니다. 양고기는 신선한 원료로 제공되어 고단백과 저지방을 자랑하며, 쌀과의 조화로 훌륭한 소화와 영양을 제공합니다. 간식의 질감은 씹기 좋으며, 반려견의 치아 건강에도 도움을 줍니다. 인공 첨가물과 방부제가 없으며, 오직 자연 재료만을 사용하여 안전하고 건강한 간식을 제공합니다. 반려견의 훈련이나 보상용으로 적합하며, 맛있고 건강한 간식을 원하는 보호자에게 추천됩니다.",
248,8,1,자연소재 어포&오리고기 180g,8200,자연 소재로 만든 어포&오리고기 180g,g,180,D2z248,2024.7.14,"자연소재 어포&오리고기 180g으로 반려동물의 간식을 자연스럽고 건강하게! 신선한 어포와 오리고기로 만든 이 간식은 고단백으로 반려동물의 에너지를 채워주며, 씹는 질감이 치아 건강에도 도움을 줍니다. 자연 재료로 만들어져 안전하고 맛있는 간식으로 간편하게 급여할 수 있습니다.",
249,8,1,자연소재 오리고기 육포스틱 460g,12700,부드럽고 맛있는 오리고기로 만든 강아지 간식,g,460,D2z249,2024.7.15,"자연소재 오리고기 육포스틱 460g은 반려견을 위한 건강한 간식입니다. 고품질 오리고기를 사용하여 단백질이 풍부하며, 인공 첨가물 없이 자연의 맛을 그대로 담았습니다. 쫄깃한 식감으로 반려견의 씹는 즐거움을 더해주고, 간편한 스틱 형태로 급여가 용이합니다. 소화가 잘 되는 성분들로 구성되어 있어 모든 연령대의 반려견이 안전하게 먹을 수 있습니다. 대용량 포장으로 경제적이며, 훈련 시에도 유용하게 사용할 수 있습니다.",
250,24,1,종합 캣닢,3800,고양이가 좋아하는 캣닢,g,13,C3z250,2024.7.16,"종합캣닢은 고양이의 스트레스를 해소하고 즐거움을 주는 장난감입니다. 다양한 효과를 가진 캣닢이 포함되어 있어 고양이의 놀이 본능을 자극합니다. 냄새와 텍스처가 고양이의 흥미를 끌어주며, 자연스럽게 운동과 놀이를 유도하여 건강한 활동을 지원합니다.",
251,20,1,지위픽 캣 캔 고등어 185g,7300,고등어가 들어간 고양이용 캔 사료,g,185,C2z251,2024.7.17,"지위픽 캣 캔 고등어는 185g의 고양이 사료 캔으로, 신선한 고등어가 주재료입니다. 고단백과 오메가-3 지방산이 풍부하여 고양이의 건강과 활력을 지원합니다. 부드러운 질감과 풍부한 맛이 고양이의 입맛을 사로잡으며, 영양이 균형 잡혀 있어 일상 식사로 적합합니다. 고양이의 건강한 식사와 간식으로 좋습니다.",
252,24,1,집사의 반격 스타캣폴 SET,244000,고양이와 함께하는 재미와 스타일을 한 번에 즐기는 완벽한 패키지,X,220,C3z252,2024.7.18,"집사의 반격 스타캣폴 SET은 다양한 고양이 놀이를 지원하는 캣타워 세트입니다. 여러 개의 플랫폼과 타워가 포함되어 있어 고양이가 뛰어오르고 놀기에 적합하며, 내구성이 뛰어난 소재로 제작되었습니다. 고양이의 놀이 본능을 자극하고 활동량을 증가시키는 데 효과적인 제품입니다. 집안에서 고양이의 건강과 행복을 지원합니다.",
253,24,1,집사의 반격 스타캣휠 내부카펫포함,422000,내부 카펫 포함한 고양이 캣휠,X,106,C3z253,2024.7.19,"집사의 반격 스타캣휠 내부 카펫 포함 (1060) 그레이/브라운/아이보리는 고양이를 위한 프리미엄 캣휠입니다. 내부 카펫이 포함되어 있어 고양이가 더욱 편안하게 사용할 수 있으며, 다양한 색상으로 인테리어에 맞춰 선택할 수 있습니다. 고양이의 운동과 놀이를 지원하며, 높은 내구성으로 오랜 사용이 가능합니다.",
254,8,1,찜쿡 닭가슴살 야채츄러스 400g,9900,닭가슴살과 야채로 만든 찜쿡 츄러스 간식 400g,g,400,D2z254,2024.7.20,"찜쿡 닭가슴살 야채츄러스 400g은 반려견을 위한 맛있고 건강한 간식입니다. 신선한 닭가슴살과 영양가 있는 야채를 사용하여 제조되었으며, 고단백과 비타민이 풍부합니다. 씹기 좋은 질감으로 반려견의 치아 건강을 지원하며, 400g의 대용량으로 오랜 시간 간편하게 제공할 수 있습니다.",
255,8,1,찜쿡 닭가슴살 치즈츄러스 400g,9900,신선한 닭가슴살과 치즈가 들어간 강아지 간식,g,400,D2z255,2024.7.21,"찜쿡 닭가슴살 치즈츄러스는 400g의 대용량으로 제공되는 반려견 간식입니다. 부드러운 닭가슴살과 고소한 치즈가 조화롭게 혼합되어 있으며, 씹는 재미와 영양을 동시에 제공합니다. 건강하고 맛있는 간식으로, 반려견의 훈련 보상이나 간식 시간에 적합한 제품입니다.",
256,20,1,챠오 츄르 가다랑어 4개입,3000,맛있고 영양가 있는 가다랑어로 만든 고양이용 츄르,개,4,C2z256,2024.7.22,"챠오 츄르 가다랑어는 일본에서 참치통조림 생산부터 시작하여 150년간 3대째 이어온 통조림 전문기업 이나바의 제품으로, 파우치 형태로 급여하기에 좋으며 개별포장으로 외출시에 휴대하기에도 편리하고, 100% 저지방 생선육만을 사용하여 고양이 입맛을 사로잡을 간식입니다. 이나바펫푸드 제품 중, 중국산으로 기재되어있는 제품은 100% 일본 이나바 회사가 투자해서 중국 청도에 설립한 펫푸드전문회사로서 HACCP, ISO9001, ISO14001의 국제규격 인증서를 취득하여 철저하게 제품의 안전과 품질을 일본의 장인들이 직접 관리하고 있습니다. 또한, 태국산 이나바캔 제품류도 마찬가지로 상기 국제규격의 엄중한 관리속에서 안전과 품질을 최우선으로 생각하며 생산되고 있습니다. 한번 개봉한 제품은 전부 급여해주시고, 만일 급여 후 남은 제품은 별도의 밀봉용기에 담은 후 냉장보관 해주시기 바랍니다.",
257,20,1,챠오 츄르 가다랑어포 4개입,3000,영양가 높고 맛있는 가다랑어포로 만든 고양이 간식,개,4,C2z257,2024.7.23,"챠오 츄르 가다랑어포 4개입은 반려묘를 위한 맛있는 간식입니다. 신선한 가다랑어를 사용하여 만든 츄르 타입으로, 반려묘가 쉽게 먹을 수 있습니다. 고단백 저지방 간식으로 체중 관리에 도움을 주며, 각 개별 포장으로 신선함을 유지합니다. 훈련 시 보상 간식으로 사용하기 좋고, 반려묘의 기분 전환에도 이상적입니다. 간편하게 짜먹일 수 있는 형태로 외출 시에도 편리하게 급여할 수 있습니다.",
258,20,1,챠오 츄르 조갯살 4개입,3000,맛있고 영양가 있는 조갯살로 만든 고양이용 츄르,개,4,C2z258,2024.7.24,챠오 츄르 조갯살은 고양이들이 좋아하는 크리미한 질감의 액체형 간식입니다. 4개입으로 제공되어 여러 번 나누어 줄 수 있습니다. 신선한 조갯살을 사용하여 높은 기호성과 함께 필수 영양소를 제공합니다. 손쉽게 짜서 줄 수 있어 간식 시간에 즐거움을 더해줍니다.,
259,20,1,챠오 츄르 하이볼 참치 4개입,3000,고양이를 위한 참치 맛 츄르 4개,개,4,C2z259,2024.7.25,"고양이를 위한 최고의 간식, 챠오 츄르 하이볼 참치 4개입을 소개합니다! 부드럽고 촉촉한 질감의 참치 맛 츄르는 고양이의 입맛을 사로잡아 더 많은 애정을 나눌 수 있게 도와줍니다. 고단백 저지방의 건강한 간식으로, 비타민 E와 녹차 추출물 등이 함유되어 있어 피부와 모질 건강에도 좋습니다. 개별 포장으로 신선함을 유지하며, 손쉽게 급여할 수 있는 스틱 타입으로 되어 있어 간편하게 사용할 수 있습니다. 챠오 츄르 하이볼 참치로 고양이에게 행복한 순간을 선물하세요!",
260,24,1,츄러스 스크래쳐,14500,고양이를 위한 스크래쳐,X,1,C3z260,2024.7.26,"츄러스 스크래쳐로 고양이의 스크래칭 본능을 충족시켜 주세요! 튼튼한 소재로 제작되어 오랫동안 사용할 수 있으며, 고양이가 스크래칭을 통해 스트레스를 해소하고 건강한 발톱을 유지할 수 있습니다. 디자인이 세련되어 집안 인테리어와 잘 어울리며, 고양이의 놀이와 운동에 유용한 아이템입니다.",
261,20,1,츄르비 닭가슴살&구운가다랑어 4개입,3500,닭가슴살과 구운 가다랑어로 만든 츄르비 간식 4개,개,4,C2z261,2024.7.27,"츄르비 닭가슴살&구운가다랑어 4개입으로 반려동물에게 맛과 영양을 동시에! 신선한 닭가슴살과 구운 가다랑어가 조화롭게 어우러져 부드럽고 풍부한 맛을 제공합니다. 고단백 간식으로 반려동물의 에너지를 채우고, 자연 재료로 만들어져 안전하고 건강하게 급여할 수 있습니다.",
262,20,1,츄르비 닭가슴살&구운닭가슴살 4개입,3500,다양한 맛의 닭가슴살 4개 세트,개,4,C2z262,2024.7.28,"츄르비 닭가슴살&구운닭가슴살 4개입으로 반려동물에게 맛있는 간식을 제공하세요! 신선한 닭가슴살과 구운 닭가슴살이 조화를 이루어 고단백 간식이 됩니다. 부드럽고 맛있는 식감으로 반려동물의 입맛을 사로잡으며, 자연 재료로 만들어져 안전하고 건강하게 급여할 수 있습니다.",
263,18,1,츄르비 참치&구운가다랑어 4개입,3500,참치와 구운 가다랑어로 만든 고양이용 츄르,개,4,C2a263,2024.7.29,"츄르비 참치&구운가다랑어는 고양이가 좋아하는 액체형 간식으로, 참치와 구운 가다랑어를 사용하여 풍부한 맛을 제공합니다. 4개입으로 여러 번 나누어 급여할 수 있으며, 손쉽게 짜서 줄 수 있어 간식 시간마다 즐거움을 선사합니다.",
264,16,1,츄르비 참치&구운닭가슴살 4개입,3500,참치와 구운 닭가슴살이 들어간 고양이용 츄르비 제품,개,4,C1z264,2024.7.30,"츄르비 참치&구운닭가슴살은 고양이를 위한 프리미엄 간식입니다. 4개입의 패키지로 제공되며, 참치와 구운 닭가슴살의 풍부한 맛이 특징입니다. 부드러운 식감과 고양이의 기호성을 고려하여 제조되었으며, 영양가가 높고 맛있는 보상 간식입니다.",
265,8,1,츄리또 터키레그,6000,닭고기로 만든 맛있는 영양간식 껌,X,1,D2z265,2024.7.31,"츄리또-터키레그는 반려견을 위한 자연 간식으로, 터키 고기 다리 부분을 사용하여 만들었습니다. 고단백, 저지방 성분으로 건강하게 간식을 즐길 수 있으며, 씹는 재미와 함께 치아 건강을 지원합니다. 천연 재료로 제조되어 안전하며, 반려견의 스트레스 해소와 기분 전환에 도움이 됩니다.",
266,36,1,치약 칫솔 셋트,6500,"치약과 칫솔 세트, 반려동물 구강 관리",X,1,Z3z266,2024.8.1,"치약과 칫솔이 함께 포함된 셋트로, 반려동물의 구강 관리를 간편하게 할 수 있는 제품입니다. 치약은 플라크와 타르타르 제거에 효과적이며, 칫솔은 치아를 세심하게 닦을 수 있도록 도와줍니다. 정기적인 구강 관리에 필요한 모든 것이 포함되어 있는 실용적인 제품입니다.",
267,8,1,치카치카 우유 치실껌 M 45g,5700,중형견을 위한 우유 맛 치실껌 M 45g,g,45,D2z267,2024.8.2,"치카치카 우유 치실껌 M 45g은 반려동물의 치아 건강을 고려한 간식입니다. 우유 맛으로 반려동물이 좋아하며, 치아 사이의 이물질 제거와 플라그 감소에 도움을 줍니다. 부드러운 질감이 치아와 잇몸에 자극을 주어 청결하게 유지하며, 45g의 실용적인 패키지로 간편하게 사용할 수 있습니다.",
268,8,1,치카치카 우유 치실껌 S 48g,5700,치카치카 우유 맛 치실껌 S 48g,g,48,D2z268,2024.8.3,"치카치카 우유 치실껌 S는 48g의 패키지로 제공되는 반려견 치아 관리 간식입니다. 우유 맛이 가미되어 있으며, 치아 사이의 플라크와 타르타르를 효과적으로 제거하는 데 도움을 줍니다. 씹는 재미와 함께 치아 건강을 유지할 수 있는 제품입니다.",
269,8,1,치카치카 우유 치실껌 SS 48g,5700,소형견을 위한 우유 맛 치실껌 SS 48g,g,48,D2z269,2024.8.4,"치카치카 우유 치실껌은 반려견의 치아 건강을 위한 맛있는 치실껌입니다. SS 사이즈로 소형견에게 적합하며, 우유 맛이 반려견의 기호성을 높입니다. 치아에 쌓인 치석과 플라크를 제거하여 구강 위생을 유지하고, 씹는 재미로 스트레스 해소에도 도움을 줍니다.",
270,8,1,치카치카 치실껌SS 20P 120g,11900,"소형견을 위한 치실껌 20개 포함, 총 120g",g,120,D2z270,2024.8.5,"치카치카 치실껌 SS 20P(120g)는 반려동물의 치아 건강을 위한 필수 간식입니다. 씹는 동안 치아 사이의 플라크와 이물질을 제거해주며, 신선한 입냄새를 유지하는 데 도움을 줍니다. 적당한 크기와 고급 재료로 만들어져 소화도 잘 되며, 튼튼한 치아를 유지하는 데 유용합니다.",
271,8,1,치킨 슬라이스 1kg,24500,대용량으로 제공되는 강아지 치킨 슬라이스 간식,g,1000,D2z271,2024.7.10,"치킨 슬라이스 1kg은 반려견을 위한 대용량 간식입니다. 신선한 닭고기를 얇게 슬라이스하여 고단백 저지방 간식으로 만들어졌습니다. 인공 첨가물 없이 자연 그대로의 맛과 영양을 제공하며, 씹기 좋은 크기로 반려견이 쉽게 먹을 수 있습니다. 훈련 간식이나 보상 간식으로 이상적이며, 대용량 포장으로 경제적입니다. 모든 연령대의 반려견이 안전하게 먹을 수 있습니다.",
272,8,1,치킨 칩쿠키 1.2kg,16000,영양가 높고 맛있는 치킨으로 만든 강아지용 칩쿠키,g,1200,D2z272,2024.7.11,"치킨칩 쿠키 1.2kg은 반려견을 위한 맛있는 쿠키 간식입니다. 신선한 닭고기를 사용하여 고단백 저지방으로 만들어졌으며, 바삭한 쿠키 질감이 반려견의 씹는 재미를 더해줍니다. 인공 첨가물 없이 자연 그대로의 맛과 영양을 제공하며, 훈련 간식이나 특별한 보상 간식으로 이상적입니다. 대용량 포장으로 경제적이며, 모든 연령대의 반려견이 안전하게 먹을 수 있습니다.",
273,8,1,칠면조힘줄 하드링(M),6800,"칠면조 힘줄을 사용한 강아지용 하드링으로, 강아지의 씹는 욕구를 충족",g,36,D2z273,2024.7.12,"칠면조 힘줄 하드링 (M)은 반려견의 구강 건강을 위한 자연 간식입니다. 천연 칠면조 힘줄을 사용하여 씹는 동안 치아와 잇몸을 깨끗하게 유지해줍니다. 단단한 질감으로 반려견이 오랫동안 씹을 수 있으며, 씹는 재미로 스트레스 해소에도 도움을 줍니다. 소화가 잘 되는 천연 재료로 만들어져 반려견이 안전하게 먹을 수 있습니다. 중형 반려견에게 적합한 크기로 제공됩니다.",
274,6,1,칠면조힘줄 하드본(M),6800,강아지의 입맛을 사로잡는 칠면조 힘줄이 들어간 하드본 M 사이즈,g,32,D2a274,2024.7.13,"칠면조힘줄 하드본(m)은 중형견을 위한 견고한 장난감입니다. 칠면조 힘줄로 만들어져 씹는 재미와 함께 단백질을 공급합니다. 치아 건강을 유지하고 스트레스를 해소하는 데 도움을 주며, 내구성이 뛰어나 장시간 사용이 가능합니다. 다양한 씹기 방식으로 반려견의 흥미를 끌어주며, 강한 씹는 힘을 가진 반려견에게 적합합니다.",
275,6,1,칠면조힘줄 하드본(S),3100,칠면조로 만든 반려동물 천연간식,g,13,D2a275,2024.7.14,"칠면조힘줄 하드본은 반려견을 위한 자연 그대로의 씹는 장난감입니다. 작은 크기(S)로 소형견에게 적합하며, 씹는 재미와 함께 치아 건강을 유지하는 데 도움을 줍니다. 천연 칠면조 힘줄을 사용하여 안전하고, 강한 내구성으로 오래 즐길 수 있습니다.",
276,21,1,카샤카샤 붕붕 와이어 낚시대,5200,고양이가 놀 수 있는 와이어 낚시대,X,1,C3j276,2024.7.15,"카샤카샤 붕붕 와이어 낚시대는 고양이의 놀이와 운동을 위한 장난감입니다. 튼튼한 와이어와 다양한 장난감이 달려 있어 고양이의 사냥 본능을 자극하며, 활발한 운동과 재미를 제공합니다. 사용이 간편하고 고양이와의 상호작용을 즐겁게 할 수 있는 장난감입니다.",
277,8,1,캔 쇠고기맛 700g,4500,"쇠고기 맛 캔, 풍부한 영양과 맛있는 식사",g,700,D2z277,2024.7.16,"쇠고기 조각이 풍부하게 들어 있는 이 캔 사료는 고양이와 강아지 모두가 사랑하는 맛을 제공합니다. 고단백 성분으로 반려동물의 체력과 건강을 지원하며, 균형 잡힌 영양이 특징입니다. 700g 대용량으로 가성비가 뛰어나며, 매일 식사나 간식으로 활용하기에 좋습니다. 쇠고기의 풍부한 맛과 질감이 반려동물의 입맛을 사로잡아, 건강하고 맛있는 식사 시간을 만들어 줍니다.",
278,16,1,캣 울트라 프리미엄 연어 캔 156g,4500,고양이를 위한 프리미엄 연어 캔,g,156,C1z278,2024.7.17,"캣 울트라 프리미엄 연어 캔 156g은 고양이를 위한 고급 캔 사료입니다. 신선한 연어를 주 원료로 사용하여 고양이에게 풍부한 단백질과 오메가-3 지방산을 공급합니다. 부드럽고 촉촉한 식감으로 고양이의 미각을 만족시키며, 영양가가 뛰어나 건강을 지원합니다. 깔끔한 캔 포장으로 사용이 편리하며, 맛과 건강을 모두 고려한 제품입니다.",
279,16,1,캣 울트라 프리미엄 참치&새우 캔 156g,4500,프리미엄 참치와 새우 캔 156g,g,156,C1z279,2024.7.18,"캣 울트라 프리미엄 참치&새우 캔 156g은 고양이를 위한 고급 간식입니다. 신선한 참치와 새우가 조화롭게 어우러져 풍부한 맛과 영양을 제공합니다. 고단백, 저지방 성분으로 고양이의 건강을 지원하며, 부드러운 식감이 고양이의 미각을 자극합니다. 영양가가 높아 고양이의 특별한 간식으로 적합합니다.",
280,24,1,캣돌 고양이 창문 선반 캣타워 냥틀,29300,창문에 설치하는 고양이 선반과 캣타워,X,1,C3z280,2024.7.19,"캣돌 고양이 창문 선반 캣타워 냥틀은 고양이의 편안한 휴식을 위한 창문 선반입니다. 창문에 설치하여 고양이가 밖을 바라보며 편안하게 쉴 수 있는 공간을 제공합니다. 튼튼한 재질로 안정감 있게 사용 가능하며, 고양이의 편안한 공간과 놀이 공간을 동시에 제공하는 제품입니다.",
281,15,1,캣차우 인도어 2kg,21360,실내용 고양이를 위한 건강 사료,g,2000,C1s281,2024.7.20,"캣차우 인도어 2kg은 실내에서 생활하는 고양이를 위해 특별히 설계된 사료입니다. 천연 성분과 균형 잡힌 영양소가 함유되어 있어 고양이의 건강을 지원하고, 소화와 면역력 증진에 도움을 줍니다. 비타민과 미네랄이 풍부하여 활력 넘치는 일상을 유지할 수 있으며, 체중 관리에도 효과적입니다. 맛있고 부드러운 사료로 까다로운 고양이도 기쁘게 해줄 제품입니다.",
282,20,1,캣츠미어 참치&도미토핑,1200,"참치와 도미 토핑, 고양이 간식",g,170,C2z282,2024.7.21,"캣츠미어 참치&도미토핑은 고양이의 입맛을 사로잡는 간식입니다. 참치와 도미의 풍부한 맛이 조화를 이루어 고양이의 미각을 자극합니다. 다양한 영양소를 함유하고 있어, 간식으로 적합하며, 고양이의 건강과 행복을 고려하여 제작된 제품입니다. 일상적인 간식으로 좋습니다.",
283,8,1,컬러푸드 네츄럴 블루베리 스낵 100g,4000,자연 블루베리로 만든 강아지용 스낵입니다.,g,100,D2z283,2024.7.22,"컬러푸드 네츄럴 블루베리 스낵은 반려동물을 위한 건강한 과일 간식입니다. 신선한 블루베리를 사용하여 풍부한 항산화 물질과 비타민을 제공합니다. 100g의 적당한 용량으로 신선하게 즐길 수 있으며, 인공 첨가물 없이 자연 그대로의 맛을 느낄 수 있습니다.",
284,12,1,콩 에어 테니스공 XS 3개입,7800,초소형 강아지를 위한 콩 에어 테니스공 3개 포함,개,3,D3z284,2024.7.23,"콩 에어 테니스공 XS 3개입은 소형견을 위한 튼튼한 장난감입니다. 내구성이 강한 테니스공으로, 반려견이 씹고 던지기에 적합합니다. 공 내부에 공기 주입으로 부드러운 질감을 제공하며, 뛰어난 튕김으로 반려견의 운동과 놀이를 지원합니다. 3개입 패키지로 여러 마리의 반려견이 함께 놀기 좋습니다.",
285,36,1,크레용펫 송송 메쉬 접이식 이동 가방,45900,스타일과 편안함이 완벽하게 결합된 이동용 필수 아이템,X,1,Z3z285,2024.7.24,"크레용펫 송송 메쉬 접이식 이동 가방은 반려동물의 이동을 편리하게 해주는 제품입니다. 메쉬 소재로 통기성이 뛰어나며, 접이식 디자인으로 사용하지 않을 때는 공간을 절약할 수 있습니다. 견고한 구조와 부드러운 내부 소재로 반려동물이 편안하게 여행할 수 있도록 설계되었으며, 손잡이와 어깨끈이 있어 편리한 휴대가 가능합니다.",
286,36,1,크로노 백팩 캐리어 L,100000,스타일과 기능이 완벽히 조화된 최고의 이동 동반자,X,1,Z3z286,2024.7.25,"크로노 백팩 캐리어는 L 사이즈로 제공되는 반려동물 백팩입니다. 견고한 소재와 편안한 착용감을 제공하여 반려동물과의 이동을 편리하게 해줍니다. 내부는 넉넉한 공간을 제공하며, 통기성이 좋은 메쉬 창으로 환기와 시야를 확보할 수 있습니다. 스타일리시하면서도 실용적인 제품으로, 외출 시 필수 아이템입니다.",
287,8,1,테라카니스 미니 칠면조와 샐러리 100g,4900,작은 크기의 칠면조와 샐러리로 만든 강아지 간식,g,100,D2z287,2024.7.26,"테라카니스 미니 칠면조와 샐러리는 반려견을 위한 고급 요리 간식으로, 신선한 칠면조와 샐러리를 사용하여 만들어졌습니다. 100g의 적당한 용량으로 제공되며, 인공 첨가물 없이 자연의 맛을 그대로 담아 반려견의 건강을 지켜줍니다. 소화가 잘 되어 반려견의 기호성이 높습니다.",
288,4,1,테라카니스 퓨어미트 치킨 400g,11000,치킨으로 만든 퓨어미트 테라카니스 사료 400g,g,400,D1z288,2024.7.27,"테라카니스 퓨어미트 치킨 400g은 반려동물을 위한 고급 치킨 사료입니다. 신선한 치킨을 100% 사용하여 풍부한 단백질과 영양을 제공합니다. 인공 첨가물 없이 자연 그대로의 맛과 건강을 유지하며, 부드러운 질감으로 소화가 잘 됩니다. 400g의 실용적인 패키지로 간편하게 급여할 수 있습니다.",
289,20,1,템테이션 부드러운 우유맛 75g,4300,부드러운 우유맛을 느낄 수 있는 템테이션 간식 75g,g,75,C2z289,2024.7.28,"템테이션 부드러운 우유맛 75g으로 고양이에게 달콤한 간식을! 부드러운 우유 맛이 고양이의 입맛을 사로잡으며, 바삭한 식감으로 간식 시간을 즐겁게 합니다. 75g의 적당한 양으로 간편하게 급여할 수 있으며, 고양이의 기호를 충족시키는 간식으로 적합합니다.",
290,18,1,템테이션 연어맛 75g,4300,고양이를 위한 맛있는 연어맛 간식,g,75,C2a290,2024.7.29,"템테이션 연어맛은 고양이가 좋아하는 바삭한 간식으로, 신선한 연어를 사용하여 고양이의 기호성을 높였습니다. 75g의 소포장으로 신선하게 제공되며, 바삭한 식감과 고소한 연어 맛이 특징입니다. 간식이나 보상용으로 이상적이며, 비타민과 미네랄이 포함되어 고양이의 건강을 지원합니다.",
291,20,1,템테이션 풍부한 해산물 맛75g,4300,풍부한 해산물 맛을 자랑하는 템테이션 간식 75g,g,75,C2z291,2024.7.30,"템테이션 풍부한 해산물 맛 75g으로 고양이에게 특별한 간식을! 신선한 해산물의 풍미가 가득한 이 간식은 고양이의 입맛을 사로잡으며, 바삭한 식감과 함께 풍부한 영양을 제공합니다. 75g의 실용적인 양으로 간편하게 급여할 수 있으며, 고양이의 간식 시간에 만족감을 더해줍니다.",
292,20,1,템테이션 헤어볼 컨트롤 60g,4300,헤어볼 컨트롤을 돕는 고양이 간식,g,60,C2z292,2024.7.31,"템테이션 헤어볼 컨트롤 60g은 반려묘의 헤어볼 문제를 해결해주는 간식입니다. 독특한 포뮬러가 반려묘의 소화기를 지원하여 헤어볼 형성을 줄여줍니다. 고양이들이 좋아하는 맛과 바삭한 식감으로 제공되며, 간식으로 주기에 이상적입니다. 매일 정기적으로 급여하면 반려묘의 헤어볼 문제를 효과적으로 관리할 수 있습니다. 인공 색소와 방부제가 없어 안전하게 먹일 수 있습니다.",
293,4,1,페디그리 치킨 캔 사료 700G,4500,치킨으로 만든 페디그리 캔 사료 700g,g,700,D1z293,2024.8.1,"페디그리 치킨 캔 사료 700g은 반려견을 위한 영양 가득한 식사입니다. 신선한 치킨을 주 원료로 사용하여 고단백 식사를 제공하며, 반려견의 건강을 지원합니다. 부드러운 식감과 풍부한 맛으로 강아지가 좋아하며, 700g의 대용량으로 경제적이고 실용적인 식사 솔루션을 제공합니다.",
294,20,1,페슬러 묘설렘 닭고기맛,1700,고양이를 위한 닭고기 간식,g,90,C2z294,2024.8.2,"페슬러 묘설렘 닭고기맛은 고양이용 고급 간식으로, 신선한 닭고기를 사용하여 맛과 영양을 모두 잡았습니다. 고단백 저지방의 건강한 간식으로, 고양이의 기호도를 높이는 풍부한 맛이 특징입니다. 훈련 보상이나 특별한 순간에 최적화된 간식입니다.",
295,20,1,페슬러 묘설렘 참치맛,1700,고양이를 위한 참치맛 간식,g,90,C2z295,2024.8.3,"페슬러 묘설렘 참치맛은 고양이를 위한 맛있는 간식으로, 신선한 참치를 주 원료로 사용합니다. 고단백, 저지방 성분으로 건강을 고려하였으며, 부드럽고 촉촉한 질감으로 고양이의 미각을 사로잡습니다. 자연 재료로 만들어져 안전하고, 고양이의 기호에 맞춰 간편하게 제공할 수 있는 간식입니다.",
296,36,1,페슬러 이동가방 블루,70000,세련된 디자인과 기능성을 동시에 갖춘 이동의 완벽한 파트너,X,1,Z3z296,2024.8.4,"페슬러 이동가방 블루는 반려동물과 함께 이동할 때 편리하게 사용할 수 있는 가방입니다. 블루 색상으로 세련된 디자인을 자랑하며, 내부는 부드러운 소재로 반려동물이 편안하게 쉴 수 있도록 설계되었습니다. 통기성이 우수하여 공기 순환이 원활하고, 견고한 스트랩으로 편안한 착용감을 제공합니다. 안전한 여행과 외출을 위한 이상적인 선택입니다.",
297,36,1,페슬러 자동리드줄 M,16500,중형 반려동물을 위한 자동 리드줄,X,1,Z3z297,2024.8.5,"페슬러 자동 리드줄 (M)은 반려동물과의 산책을 더욱 편리하게 만들어주는 자동 리드줄입니다. 자동으로 늘어나고 줄어드는 기능으로, 산책 중 자유롭게 조절할 수 있으며, 편안한 사용감을 제공합니다. 내구성이 강하고 편리한 그립으로 산책을 즐겁고 안전하게 도와주는 제품입니다.",
298,20,1,펫모닝 닭가슴살,500,신선한 닭가슴살을 사용한 펫모닝 제품,g,22,C2z298,2024.7.10,"펫모닝 닭가슴살로 반려동물에게 맛있고 건강한 간식을! 신선한 닭가슴살로 만들어진 이 간식은 고단백 저지방으로 반려동물의 건강을 지원하며, 부드럽고 씹기 좋은 식감으로 입맛을 사로잡습니다. 자연 재료로 안전하게 만들어져 간식이나 훈련 보상으로 적합합니다.",
299,12,1,펫모닝 바닐라향 물고기,2000,바닐라 향을 더한 펫모닝 물고기 장난감,개,1,D3z299,2024.7.11,"바닐라향 물고기는 사랑스러운 반려동물의 시간을 더욱 즐겁고 행복하게 만들어 줄 장난감입니다. 바닐라향 물고기는 강아지의 씹는 본능을 만족시키며, 부드러운 질감과 향기로 반려동물의 관심을 끌어줍니다. 안전하고 내구성이 뛰어난 소재로 제작되어 오랜 시간 동안 사용 가능합니다. 반려동물의 재미와 건강을 동시에 챙겨주세요!",
300,12,1,펫모닝 바닐라향 뿔 도깨비,2000,"바닐라향 뿔 도깨비, 애견 장난감",개,1,D3z300,2024.7.12,"펫모닝 바닐라향 뿔 도깨비 장난감은 반려동물의 호기심과 놀이 본능을 자극하는 특별한 장난감입니다. 부드럽고 내구성이 뛰어난 소재로 제작되어 안전하게 사용 가능하며, 바닐라향이 더해져 반려동물의 흥미를 끌어줍니다. 뿔 모양의 디자인은 씹는 재미를 더하며, 치아 건강에도 도움을 줍니다. 놀이와 치아 관리, 향기까지 갖춘 펫모닝 바닐라향 뿔 도깨비로 반려동물의 일상을 더욱 즐겁고 건강하게 만들어보세요!",
301,24,1,펫모닝 스윙캣 벌,4000,고양이를 위한 스윙 장난감으로 놀이와 운동 촉진,개,1,C3z301,2024.7.13,"펫모닝 스윙캣 벌은 고양이의 놀이와 운동을 돕는 장난감입니다. 벌 모양의 장난감이 고양이의 호기심을 자극하며, 이동하는 장난감이 사냥 본능을 만족시킵니다. 튼튼한 소재로 제작되어 오랜 시간 사용할 수 있으며, 고양이의 신체 활동을 촉진합니다.",
302,12,1,펫스테이지 바비큐 우드스틱,6800,"바비큐 향 우드스틱, 애견용 간식",개,1,D3z302,2024.7.14,"바비큐 향 우드스틱은 반려견의 구강 건강과 스트레스 해소를 위한 씹기 장난감입니다. 내구성이 강한 외피와 바삭한 크런치코어가 결합되어 반려견이 오랫동안 씹을 수 있습니다. 씹는 동안 치아와 잇몸을 마사지하여 구강 건강을 증진시키며, 씹는 재미로 스트레스 해소에도 효과적입니다. 안전한 소재로 만들어져 반려견이 안심하고 사용할 수 있으며, 중형 반려견에게 적합한 크기입니다.",
303,12,1,펫스테이지 오르카테니스볼,9000,반려동물용 오르카테니스볼,개,1,D3z303,2024.7.15,"펫스테이지 오르카 테니스볼 235는 반려견의 놀이 시간을 더욱 즐겁게 만들어주는 장난감입니다. 내구성이 강한 테니스볼로, 튼튼하게 제작되어 씹기와 던지기에 적합합니다. 놀이와 운동을 동시에 지원하며, 구강 건강에도 도움이 되는 제품입니다. 반려견의 에너지를 발산하고 즐거운 시간을 보낼 수 있습니다.",
304,12,1,펫스테이지 우드스틱S,9900,소형 강아지를 위한 우드스틱,개,1,D3z304,2024.7.16,"펫스테이지 우드스틱S 217은 반려견의 구강 건강과 스트레스 해소를 위한 씹기 장난감입니다. 내구성이 강한 우드스틱으로 반려견이 오랫동안 씹을 수 있으며, 씹는 동안 치아와 잇몸 건강에 도움을 줍니다. 자연스러운 나무 향이 반려견의 씹는 재미를 더해주고, 스트레스 해소에도 효과적입니다. 안전한 소재로 만들어져 반려견이 안심하고 사용할 수 있으며, 다양한 크기의 반려견에게 적합합니다.",
305,12,1,펫스테이지 크런치코어본M,14000,"중간 크기의 크런치본으로, 치아를 강화하고 구강 건강 촉진",개,1,D3z305,2024.7.17,"펫스테이지 크런치코어본M 265는 반려견의 구강 건강과 스트레스 해소를 위한 씹기 장난감입니다. 내구성이 강한 외피와 바삭한 크런치코어가 결합되어 반려견이 오랫동안 씹을 수 있습니다. 씹는 동안 치아와 잇몸을 마사지하여 구강 건강을 증진시키며, 씹는 재미로 스트레스 해소에도 효과적입니다. 안전한 소재로 만들어져 반려견이 안심하고 사용할 수 있으며, 중형 반려견에게 적합한 크기입니다.",
306,12,1,펫스테이지 우드스틱M,12600,씹기 좋은 반려견 우드스틱,개,1,D3z306,2024.7.18,"펫스테이지 우드스틱 M 218은 반려견의 씹는 본능을 만족시킬 수 있는 장난감입니다. 나무 소재로 만들어져 내구성이 뛰어나며, 강아지의 이빨과 잇몸 건강을 유지하는 데 도움을 줍니다. 다양한 질감이 반려견의 흥미를 유도하며, 씹는 재미와 함께 구강 건강을 챙길 수 있는 제품입니다.",
307,8,1,펫츠루트 셰프요리 닭가슴살 야채 400g,9900,닭가슴살과 야채로 조리한 간식 400g,g,400,D2z307,2024.7.19,"펫츠루트 셰프요리 닭가슴살 야채 400g으로 반려동물에게 맛있고 건강한 식사를 제공하세요! 신선한 닭가슴살과 다양한 야채가 조화를 이루어 영양이 풍부하며, 부드러운 식감과 풍미로 반려동물의 입맛을 사로잡습니다. 간편하게 급여할 수 있는 캔 타입으로 실용적입니다.",
308,5,1,펫츠루트 셰프요리 닭가슴살 치즈 400g,9900,반려동물을 위한 닭가슴살과 치즈가 들어간 간식,g,400,D2j308,2024.7.20,"펫츠루트 셰프요리 닭가슴살 치즈는 신선한 닭가슴살과 치즈를 혼합하여 만든 고품질 반려견 간식입니다. 400g의 대용량으로 제공되며, 부드러운 치즈와 풍부한 단백질이 반려견의 건강을 지원합니다. 인공 첨가물이 없어 안전하게 급여할 수 있으며, 고소한 맛이 반려견의 입맛을 사로잡습니다.",
309,36,1,펫퍼스 탈취제 베이비파우더향 500ml,5000,베이비파우더 향의 반려동물 탈취제,ml,500,Z3z309,2024.7.21,"펫퍼스 탈취제는 베이비파우더향으로 반려동물의 공간을 상쾌하게 만들어줍니다. 500ml의 대용량으로 넉넉하게 사용할 수 있으며, 강력한 탈취 성분이 악취를 효과적으로 제거합니다. 은은한 파우더향이 공간을 기분 좋게 만들어 주며, 사용이 간편하여 집안의 쾌적함을 유지하는 데 유용한 제품입니다.",
310,36,1,포비스 귀세정제 100ml,5600,반려동물 귀 세정제,ml,100,Z3z310,2024.7.22,"포비스 귀세정제 100ml은 반려동물의 귀 건강을 위해 특별히 제작된 제품입니다. 귀 속의 불순물과 귀지를 효과적으로 제거하며, 귀 건강을 유지하는 데 도움을 줍니다. 피부에 자극을 주지 않는 안전한 성분으로 만들어져 반려동물이 불편함 없이 사용할 수 있습니다. 정기적으로 사용하면 귀 질환을 예방할 수 있으며, 간편한 사용법으로 누구나 쉽게 사용할 수 있습니다.",
311,10,1,포비스 눈물얼룩세정제 100ml,5600,강아지 눈물자국 세정제,ml,100,D3a311,2024.7.23,"포비스 눈물얼룩세정제는 반려동물의 눈물 얼룩을 효과적으로 제거하는 제품입니다. 100ml 용량으로, 안전한 성분으로 눈 주위를 깨끗하게 유지할 수 있습니다. 정기적인 사용으로 눈물 자국을 예방하고 청결을 유지하며, 반려동물의 아름다움을 돋우는 데 도움을 줍니다.",
312,24,1,포비스 단모 고양이 전용 샴푸&린스 300ml,11000,단모 고양이를 위한 샴푸와 린스 300ml,ml,300,C3z312,2024.7.24,"포비스 단모 고양이 전용 샴푸&린스 300ml는 단모 고양이를 위한 전문 샴푸와 린스입니다. 부드럽고 순한 성분으로 피부 자극을 최소화하며, 모발에 윤기와 건강을 부여합니다. 샴푸와 린스가 함께 제공되어 간편하게 사용할 수 있으며, 고양이의 모질을 깨끗하고 건강하게 유지하는 데 도움을 줍니다.",
313,36,1,포비스 덴탈크린치약 100ml,5600,"애견용 덴탈 치약, 구강 청결과 건강 유지",ml,100,Z3z313,2024.7.25,"이 치약은 반려동물의 치아와 잇몸 건강을 위해 특별히 설계된 제품입니다. 플라크와 타르타르를 효과적으로 제거하며, 구취를 상쾌하게 없애주는 기능이 있습니다. 안전한 성분으로 만들어져 반려동물의 구강 건강을 유지하는 데 도움을 주며, 사용 후 상쾌한 입안을 제공합니다. 100ml 용량으로 가정에서 손쉽게 사용 가능하며, 정기적인 치아 관리를 통해 건강한 구강 상태를 유지할 수 있습니다.",
314,36,1,포비스 항균 탈취제 (라임향) 1000ml,9500,라임향이 특징인 항균 탈취제,ml,1000,Z3z314,2024.7.26,"포비스 항균 탈취제는 라임향으로 상쾌한 향기를 제공하며, 항균 효과가 뛰어난 탈취제입니다. 1000ml의 대용량으로 경제적이며, 반려동물의 생활 공간을 깨끗하게 유지할 수 있습니다. 사용이 간편한 스프레이 타입으로 다양한 표면과 공간에 쉽게 적용할 수 있습니다.",
315,12,1,포와이즈 리필용 배변봉투,3000,편리하게 사용할 수 있는 배변 봉투 리필용,개,60,D3z315,2024.7.27,"포와이즈 리필용 배변봉투로 청결한 배변 처리를 간편하게! 튼튼하고 내구성이 뛰어난 봉투로 냄새를 효과적으로 차단하며, 간편하게 교체할 수 있는 리필 용량으로 경제적입니다. 다양한 상황에서 유용하게 사용할 수 있는 배변 봉투로, 반려동물의 배변 관리를 도와줍니다.",
316,36,1,포켄스 3in1 샴푸&린스,8200,"3in1 샴푸&린스, 애견 털과 피부 관리",ml,550,Z3z316,2024.7.28,"포켄스 3in1 샴푸&린스는 반려동물의 세척과 미용을 동시에 지원하는 제품입니다. 샴푸와 린스 기능이 결합되어 있어, 세척 후 부드럽고 윤기 나는 털을 유지할 수 있습니다. 자극이 적어 민감한 피부에도 적합하며, 반려동물의 피부와 털을 깨끗하게 관리할 수 있는 3in1 제품입니다.",
317,8,1,포켄스 뉴트리션트릿 관절&뼈 240g,18000,관절과 뼈 건강을 위한 영양 보충용 간식,g,240,D2z317,2024.7.29,"포켄스 뉴트리션트릿 관절&뼈 240g은 반려견의 관절과 뼈 건강을 지원하는 고급 간식입니다. 첨가된 글루코사민과 콘드로이틴은 관절의 유연성과 강도를 유지하는 데 도움을 주며, 뼈 건강을 지원합니다. 풍부한 영양과 맛을 동시에 제공하며, 반려견이 즐겁게 씹을 수 있는 질감으로 제조되었습니다. 인공 첨가물 없이 자연 재료만을 사용하여 안전하게 급여할 수 있는 간식입니다.",
318,8,1,포켄스 뉴트리션트릿 눈&눈물 240g,18000,강아지의 눈 건강을 돕는 눈&눈물 간식,g,240,D2z318,2024.7.30,"포켄스 뉴트리션트릿 눈&눈물 240g은 반려견의 눈 건강을 위한 특별한 간식입니다. 고품질 단백질과 필수 비타민, 미네랄이 풍부하게 함유되어 있어 눈물 얼룩을 줄이고 눈 건강을 지원합니다. 소화가 잘 되는 성분들로 구성되어 있어 모든 연령대의 반려견이 안전하게 먹을 수 있습니다. 정기적으로 급여하면 반려견의 눈 건강을 효과적으로 관리할 수 있습니다. 맛과 영양을 동시에 챙길 수 있는 최고의 간식입니다.",
319,8,1,포켄스 뉴트리션트릿 면역&영양 240g,18000,면역력과 영양을 동시에 지원하는 강아지 간식,g,240,D2z319,2024.7.31,"포켄스 뉴트리션트릿 면역&영양 240g은 반려견의 면역력과 영양을 강화하기 위한 특별한 간식입니다. 고품질 단백질과 비타민, 미네랄이 풍부하게 함유되어 있어 반려견의 전반적인 건강을 지원합니다. 면역력 증진 성분이 포함되어 있어 반려견이 건강하고 활기차게 지낼 수 있습니다. 소화가 잘 되는 성분들로 구성되어 있어 모든 연령대의 반려견이 안전하게 먹을 수 있습니다. 정기적으로 급여하면 반려견의 건강을 효과적으로 관리할 수 있습니다.",
320,8,1,포켄스 뉴트리션트릿 피부&피모 240g,18000,피부와 피모에 좋은 영양소가 들어간 뉴트리션트릿,g,240,D2z320,2024.8.1,"포켄스 뉴트리션트릿 피부&피모 240g으로 반려동물의 피부와 모질을 건강하게 관리하세요! 특수 영양소가 포함된 이 간식은 반려동물의 피부와 털을 건강하게 유지하는 데 도움을 주며, 맛있게 먹을 수 있습니다. 240g의 넉넉한 양으로 지속적으로 급여할 수 있어 실용적입니다.",
321,8,1,포켄스 덴탈스틱 후레시 오메가3 S 작은별 220g,10500,작은별 모양의 오메가 3가 들어간 치아 관리 간식,g,220,D2z321,2024.8.2,"포켄스 덴탈스틱 후레시 오메가3 S 작은별 220g은 소형 반려견을 위한 프리미엄 덴탈 간식입니다. 오메가-3 지방산이 풍부하게 함유되어 있어 반려견의 피부와 털 건강을 증진시키며, 구강 건강도 동시에 챙길 수 있습니다. 특별히 고안된 텍스처가 치아 사이의 플라크와 치석을 효과적으로 제거하여 입냄새를 줄여줍니다. 소형견이 쉽게 씹을 수 있는 크기와 부드러운 질감으로 안전하게 먹을 수 있으며, 정기적으로 급여하면 반려견의 구강 건강을 효과적으로 관리할 수 있습니다. 220g 대용량 포장으로 경제적이며, 반려견의 입맛을 사로잡는 최고의 덴탈 간식입니다.",
322,8,1,포켄스 덴탈스틱 후레시 칼슘 M 큰별 220g,10500,치아 건강을 도와주는 후레시 칼슘 덴탈스틱 M 사이즈 220g,g,220,D2z322,2024.8.3,"포켄스 덴탈스틱 후레시 칼슘 M 큰별 220g으로 반려동물의 치아 건강을 유지하세요! 이 덴탈스틱은 칼슘과 신선한 성분으로 제작되어 치아와 뼈 건강을 지원하며, 씹는 동안 입냄새를 상쾌하게 해줍니다. M 사이즈로 다양한 반려동물에게 적합하며, 220g의 넉넉한 양으로 오랫동안 사용 가능합니다.",
323,8,1,포켄스 덴탈스틱 후레시 칼슘 S 작은별 220g,10500,소형견의 치아 청결과 입냄새 예방에 도움을 주는 치아관리 간식,g,220,D2z323,2024.8.4,"포켄스 덴탈스틱 후레시 칼슘 S 작은별 220g은 반려견의 구강 건강을 위한 특별한 간식입니다. 칼슘이 풍부하게 함유되어 있어 치아와 뼈 건강에 도움을 주며, 특별한 별 모양 디자인으로 씹는 재미를 더합니다. 신선한 후레시 향으로 구취 제거에도 효과적입니다. 하루 한 번, 간편하게 반려견의 구강 건강을 관리해보세요. 소형견에게 적합하며, 치아 관리와 간식을 동시에 해결할 수 있는 최고의 선택입니다.",
324,8,1,포켄스 덴티페어리 S,4800,소형견을 위한 치아 관리 간식,g,65,D2z324,2024.8.5,"포켄스 덴티페어리 S는 소형견을 위한 맛있는 덴탈 간식입니다. 특별히 고안된 텍스처가 치아 사이의 플라크와 치석을 제거하는 데 도움을 주며, 입냄새를 개선해줍니다. 소형견이 씹기 좋은 크기와 부드러운 질감으로 안전하게 먹을 수 있습니다. 정기적으로 급여하면 반려견의 구강 건강을 효과적으로 관리할 수 있습니다. 맛과 건강을 동시에 챙길 수 있는 완벽한 간식입니다.",
325,8,1,포켄스 덴티페어리 M 75g,4800,중형견을 위한 치아 관리 간식,g,75,D2z325,2024.7.10,"포켄스 덴티페어리 M 75g은 중형 반려견을 위한 덴탈 간식입니다. 특별히 고안된 텍스처가 치아 사이의 플라크와 치석을 효과적으로 제거하여 입냄새를 줄여줍니다. 고품질의 재료로 만들어져 반려견의 구강 건강을 지원하며, 안전하게 먹을 수 있습니다. 중형 반려견이 쉽게 씹을 수 있는 크기와 질감으로 제공되며, 정기적으로 급여하면 반려견의 구강 건강을 효과적으로 관리할 수 있습니다.",
326,8,1,포켄스 덴티페어리 SS 150g,9900,소형견을 위한 치아 관리 간식,g,150,D2z326,2024.7.11,"포켄스 덴티페어리 SS 150g은 소형견을 위한 덴탈 간식입니다. 특별히 고안된 텍스처가 치아 사이의 플라크와 치석을 제거하는 데 도움을 주며, 입냄새를 개선해줍니다. 소형견이 씹기 좋은 크기와 부드러운 질감으로 안전하게 먹을 수 있습니다. 정기적으로 급여하면 반려견의 구강 건강을 효과적으로 관리할 수 있습니다. 맛과 건강을 동시에 챙길 수 있는 완벽한 간식입니다.",
327,8,1,포켄스 덴티페어리 SS 65g,4800,명태와 녹차가 함께 들어간 간식 100g,g,65,D2z327,2024.7.12,"반려동물의 구강 건강을 위한 최적의 선택, 포켄스 덴티페어리 SS 65g을 소개합니다! 이 간식은 치아와 잇몸을 깨끗하게 유지해주는 특별한 포뮬러로 제작되었습니다. 딱딱한 질감이 치아의 플라크와 타르타르를 자연스럽게 제거하며, 상쾌한 입냄새를 선사합니다. 천연 성분을 사용하여 민감한 반려동물도 안심하고 먹을 수 있으며, 소화가 잘 되는 성분으로 건강에도 좋습니다. 작은 사이즈로 간편하게 급여할 수 있어 훈련 시에도 유용하며, 65g의 적당한 용량으로 신선하게 사용할 수 있습니다. 포켄스 덴티페어리 SS 65g으로 반려동물의 구강 건강을 지켜보세요!",
328,8,1,포켄스 덴티페어리 디스펜서 M 46개입,35000,포켄스 덴탈케어 제품 중 소형견용 65g,개,46,D2z328,2024.7.13,"반려동물의 구강 건강을 간편하게 관리할 수 있는 포켄스 덴티페어리 디스펜서 M 46개입! 이 제품은 치아 청소와 플라크 제거에 효과적인 치실껌으로, 디스펜서가 포함되어 있어 사용이 매우 편리합니다. 치아 건강을 지키면서 상쾌한 입냄새를 유지할 수 있습니다. 반려동물의 건강한 치아를 위해 필수 아이템입니다.",
329,8,1,포켄스 덴티페어리 디스펜서 S 80개입,35000,작은 크기의 치아 청결 간식을 편리하게 사용할 수 있는 디스펜서,개,80,D2z329,2024.7.14,"포켄스 덴티페어리 디스펜서 S 80개입은 소형견을 위한 편리한 덴탈 간식입니다. 디스펜서 형태로 간편하게 한 개씩 꺼내 급여할 수 있으며, 특별히 고안된 텍스처가 치아 사이의 플라크와 치석을 제거하는 데 도움을 줍니다. 입냄새를 개선하고 구강 건강을 유지하는 데 효과적입니다. 소형견이 씹기 좋은 크기와 부드러운 질감으로 안전하게 먹을 수 있습니다. 맛과 건강을 동시에 챙길 수 있는 완벽한 간식입니다.",
330,8,1,포켄스 덴티페어리 디스펜서 SS 124개입,35000,124개의 디스펜서로 구성된 덴티페어리,개,124,D2z330,2024.7.15,"포켄스 덴티페어리 디스펜서 SS 124개입으로 반려동물의 치아 관리를 간편하게! 이 치실껌은 소형 사이즈로, 작은 입에도 잘 맞으며, 플라크와 타르타르를 효과적으로 제거해 줍니다. 디스펜서와 함께 제공되어 사용이 편리하며, 상쾌한 입냄새와 건강한 치아를 유지할 수 있습니다.",
331,12,1,포켄스 말티즈 전용 샴푸&린스,8200,말티즈를 위한 전용 샴푸&린스 제품,ml,550,D3z331,2024.7.16,"포켄스 말티즈 전용 샴푸&린스로 말티즈의 털을 부드럽고 윤기 있게 관리하세요! 특별히 말티즈의 피부와 털에 맞춰 개발된 제품으로, 순한 성분으로 피부 자극 없이 효과적으로 세정합니다. 샴푸와 린스가 함께 제공되어 깨끗한 세정과 매끄러운 털 관리를 도와줍니다.",
332,12,1,포켄스 바이비드 약용샴푸 300ml,13500,중대형견 전용 샴푸와 린스,ml,300,D3z332,2024.7.17,"포켄스 바이비드 약용샴푸 300ml는 피부 질환을 예방하고 치료하는 데 도움을 주는 약용 샴푸입니다. 피부의 염증과 가려움을 완화하고, 세균과 진균의 번식을 억제하여 건강한 피부를 유지할 수 있도록 돕습니다. 자극이 적고, 안전한 성분으로 제작되어 민감한 피부를 가진 반려동물에게도 적합합니다. 청결한 세정과 동시에 피부 회복을 지원합니다.",
333,36,1,포켄스 베이비파우더 샴푸 550ml,8200,반려동물을 위한 베이비파우더향 샴푸,ml,550,Z3z333,2024.7.18,"포켄스 베이비파우더 샴푸 550ml로 반려동물의 목욕 시간을 더욱 즐겁고 상쾌하게 만들어 보세요! 이 샴푸는 부드럽고 순한 베이비파우더 향으로 반려동물의 피부와 털을 깨끗하게 세정해주며, 은은한 향기로 오랫동안 상쾌함을 유지시켜줍니다. 민감한 피부에도 안전하게 사용할 수 있도록 저자극 성분으로 만들어졌으며, 피부와 털을 촉촉하게 보호하는 보습 성분이 함유되어 있습니다. 풍부한 거품과 쉬운 헹굼으로 목욕 시간을 간편하게 해주며, 550ml의 넉넉한 용량으로 오래 사용할 수 있습니다. 포켄스 베이비파우더 샴푸로 반려동물에게 깨끗하고 향기로운 목욕 시간을 선물하세요!",
334,36,1,포켄스 알로에 향수&컨디셔너 베이비파우더향 300ml,5800,"알로에 함유 향수&컨디셔너, 은은한 베이비파우더향",ml,300,Z3z334,2024.7.19,"베이비파우더향의 향수&컨디셔너는 반려동물의 털과 피부를 부드럽고 건강하게 유지하는 데 도움을 줍니다. 알로에 성분이 포함되어 피부를 진정시키고, 엉킴을 방지하여 쉽게 빗질할 수 있게 합니다. 은은한 베이비파우더향이 기분 좋은 상쾌함을 선사하며, 매끄럽고 윤기 나는 털로 변모시킵니다. 300ml 대용량으로 장기간 사용이 가능해 경제적이며, 반려동물의 일상적인 미용 관리에 적합한 제품입니다.",
335,36,1,포켄스 오트밀 샴푸 550ml,8200,오트밀이 함유된 반려동물 샴푸,ml,550,Z3z335,2024.7.20,"포켄스 오트밀 샴푸는 반려동물의 피부와 털을 부드럽게 세정하는 제품입니다. 550ml의 대용량으로 제공되며, 오트밀 성분이 포함되어 피부 자극을 줄이고 보습 효과를 제공합니다. 부드러운 거품과 상쾌한 향기로 반려동물의 목욕 시간을 더욱 즐겁게 만들어줍니다.",
336,36,1,포켄스 탈취제 은은한 베이비 파우더향,9500,집안을 상쾌하게 만드는 은은한 베이비 파우더 향의 탈취제,ml,1000,Z3z336,2024.7.21,"포켄스 탈취제 은은한 베이비 파우더향은 반려동물의 생활 공간을 항상 깨끗하고 상쾌하게 유지해줍니다. 강력한 탈취 효과로 불쾌한 냄새를 제거하며, 은은한 베이비 파우더 향이 오래도록 지속됩니다. 스프레이 타입으로 사용이 간편하며, 반려동물의 침구, 방석, 카펫 등 다양한 곳에 사용할 수 있습니다. 알러지 유발 성분이 없고, 반려동물과 가족 모두 안심하고 사용할 수 있는 제품입니다.",
337,12,1,포켄스 푸들 전용 샴푸&린스,8200,푸들의 털에 적합한 전용 샴푸와 린스 세트,ml,550,D3z337,2024.7.22,"포켄스 푸들 전용 샴푸&린스는 푸들의 털과 피부에 맞춘 전문적인 샴푸와 린스 제품입니다. 부드럽고 촉촉한 세정 효과가 있으며, 피부 자극을 최소화하고 부드러운 털을 유지합니다. 포켄스 브랜드의 제품으로, 푸들의 특성에 맞춰 제조된 고급 미용 제품입니다.",
338,24,1,폴포 고양이화장실 L,25000,원형의 대형 고양이화장실,X,1,C3z338,2024.7.23,"폴포 고양이화장실(대)은 넉넉한 크기로 다양한 고양이의 편안한 사용을 보장합니다. 튼튼한 재질로 제작되어 내구성이 뛰어나며, 탈착 가능한 필터와 함께 청소가 용이합니다. 깊은 트레이와 높은 측면 디자인으로 흘림 방지 기능을 갖추어 실내 환경을 깔끔하게 유지할 수 있습니다. 고양이의 개인 공간을 더욱 쾌적하게 만들어 주는 제품입니다.",
339,36,1,폴포 매직울타리 12P,30000,매직울타리 폴포 제품 12개 포함,개,12,Z3z339,2024.7.24,"폴포 매직울타리 12P는 반려동물의 안전한 공간을 확보할 수 있는 울타리입니다. 간편하게 조립할 수 있으며, 이동식으로 다양한 공간에 설치 가능합니다. 튼튼한 구조로 반려동물의 탈출을 방지하며, 공간 분리가 필요할 때 유용하게 사용할 수 있습니다. 12개의 패널로 원하는 크기로 조절 가능하며, 실용적이고 안전한 제품입니다.",
340,12,1,풋 버블 클렌저,8900,반려동물 발 클렌저,ml,130,D3z340,2024.7.25,"풋 버블 클렌저는 반려동물의 발과 피부를 깨끗하게 관리할 수 있는 세정제입니다. 부드러운 거품이 피부와 발을 자극 없이 세정하며, 항균 성분이 포함되어 있어 청결을 유지합니다. 사용이 간편하고, 반려동물의 발바닥이나 피부에 적합하여 건강한 위생 관리를 돕습니다.",
341,8,1,퓨리나 덴탈라이프 스몰&미디움 독 트릿 198g,10900,소형견과 중형견을 위한 구강 관리용 트릿 198g,g,198,D2z341,2024.7.26,"퓨리나 덴탈라이프 스몰&미디움 독 트릿은 198g의 패키지로 제공되는 반려견 간식입니다. 스몰&미디움 사이즈로 다양한 체형의 반려견에게 적합하며, 치아 건강을 유지하는 데 도움을 줍니다. 독특한 텍스처와 영양소가 치아 사이의 플라크와 타르타르를 제거하는 데 도움을 주며, 건강한 치아와 입 냄새 개선에 효과적입니다. 간식과 함께 치아 관리까지 지원하는 제품입니다.",
342,20,1,퓨리나 덴탈라이프 연어 캣 트릿 51g,4500,연어로 만든 치아 관리용 캣 트릿,g,51,C2z342,2024.7.27,"퓨리나 덴탈라이프 연어 캣 트릿은 고양이의 치아 건강을 위한 특별한 간식입니다. 51g의 적당한 용량으로 제공되며, 연어 맛이 고양이의 기호성을 높입니다. 치아에 쌓인 치석과 플라크 제거를 돕고, 신선한 호흡을 유지하는 데 도움을 줍니다.",
343,20,1,퓨리나 팬시피스트 청키 치킨 캔 85g x 3개입,6700,풍부한 치킨 청키 사료 캔 세트,g,255,C2z343,2024.7.28,"퓨리나 팬시피스트 청키 치킨 캔 85g x 3개입으로 고양이에게 풍부한 맛을! 신선한 치킨이 풍성하게 들어간 이 캔은 부드러운 질감과 맛으로 고양이의 입맛을 사로잡습니다. 85g의 적당한 양으로 3개입이 제공되어 실용적이며, 간편하게 급여할 수 있는 고급 간식입니다.",
344,19,1,퓨리나 팬시피스트 키튼 흰살생선 캔 85g x 3개입,6700,새끼 고양이를 위한 흰살생선 맛 캔 간식 세트,g,255,C2s344,2024.7.29,"리나 팬시피스트 키튼 흰살생선 캔은 새끼 고양이를 위한 고급 간식입니다. 신선한 흰살생선을 사용하여 부드럽고 맛있는 식감을 제공하며, 85g의 용량으로 3개입으로 제공됩니다. 성장기에 필요한 필수 영양소가 포함되어 있어 건강한 성장과 발달을 지원합니다.",
345,36,1,프리미엄 미용 숱가위,19000,미용에 적합한 프리미엄 숱가위,X,1,Z3z345,2024.7.30,"프리미엄 미용 숱가위는 반려동물의 털 관리를 위한 고급 도구입니다. 날카로운 날과 정밀한 디자인으로 털을 깔끔하게 정리할 수 있으며, 쉽게 숱을 칠 수 있어 전문적인 미용 결과를 제공합니다. 인체공학적 손잡이로 편안한 사용감을 제공하며, 미용 시 편리함을 극대화합니다.",
346,20,1,퓨리나 프리스키 파티믹스 믹스그릴 60g,4300,고양이용 그릴 간식,g,60,C2z346,2024.7.31,"프리스키 파티믹스 믹스그릴 60g은 반려묘를 위한 맛있는 간식입니다. 다양한 고기 맛이 혼합되어 있어 까다로운 입맛의 고양이도 만족시킵니다. 바삭한 질감이 반려묘의 씹는 재미를 더해주며, 고단백 저지방으로 건강을 지원합니다. 소형 포장으로 휴대가 간편하며, 훈련 간식이나 특별한 보상 간식으로 이상적입니다. 인공 첨가물 없이 자연 그대로의 맛과 영양을 제공합니다.",
347,20,1,퓨리나 프리스키 파티믹스 캘리포니아 60g,4300,"고양이 간식 파티믹스, 캘리포니아 맛",g,60,C2z347,2024.8.1,"프리스키 파티믹스 캘리포니아는 다양한 맛과 질감의 고양이 간식이 포함된 제품입니다. 60g의 포장으로 다양한 맛의 간식을 제공하여 고양이의 미각을 자극합니다. 다양한 크기와 맛의 조화로 고양이의 입맛을 사로잡으며, 간식 시간에 특별한 즐거움을 더해줍니다. 일상적인 간식이나 보상으로 적합한 제품입니다.",
348,20,1,퓨리나 프리스키 파티믹스 피크닉 60g,4300,"그릴에 구운 육즙 가득한 순살 닭고기, 소고기 & 연어의 최상의맛",g,60,C2z348,2024.8.2,"프리스키 파티믹스 피크닉은 다양한 맛과 식감이 어우러진 고양이용 간식입니다. 60g의 소포장으로 신선하게 제공되며, 각종 비타민과 미네랄이 포함되어 고양이의 건강을 지원합니다. 바삭한 식감이 고양이의 입맛을 사로잡아, 훈련이나 보상용으로 이상적입니다.",
349,24,1,핑크팡크 냥만뷰 창문형 캣스텝/캣폴,43400,창문에 설치 가능한 캣스텝/캣폴.,X,1,C3z349,2024.8.3,"핑크팡크 냥만뷰 창문형 캣스텝/캣폴은 고양이를 위한 창문형 캣폴입니다. 창문에 설치할 수 있어 공간을 절약하며, 고양이가 창밖을 보거나 높이 뛰어오를 수 있는 공간을 제공합니다. 튼튼한 구조로 안전하게 사용 가능하며, 고양이의 활동성을 높이고 놀이 시간을 더욱 즐겁게 만들어줍니다.",
350,16,1,해피밀 황태와 소고기 1.2kg,18900,황태와 소고기를 사용한 고양이 사료,g,1200,C1z350,2024.8.4,"해피밀 황태와 소고기 1.2kg은 반려견을 위한 영양가 높은 사료입니다. 신선한 황태와 소고기가 주원료로 사용되어 단백질이 풍부하고, 반려견의 근육과 뼈 건강을 지원합니다. 오메가-3와 오메가-6 지방산이 포함되어 있어 피부와 털 건강에도 도움을 줍니다. 균형 잡힌 영양소로 반려견의 전반적인 건강과 활력을 유지합니다. 모든 연령대의 반려견이 안전하게 먹을 수 있는 건강한 사료입니다.",
351,16,1,해피밀 황태와 연어 1.2kg,17900,황태와 연어를 사용한 고양이 사료,g,1200,C1z351,2024.8.5,"해피밀 황태와 연어 1.2kg은 반려견을 위한 영양가 높은 사료입니다. 신선한 황태와 연어가 주원료로 사용되어 단백질이 풍부하고, 반려견의 근육과 뼈 건강을 지원합니다. 오메가-3와 오메가-6 지방산이 포함되어 있어 피부와 털 건강에도 도움을 줍니다. 균형 잡힌 영양소로 반려견의 전반적인 건강과 활력을 유지합니다. 모든 연령대의 반려견이 안전하게 먹을 수 있는 건강한 사료입니다.",
352,16,1,해피밀 황태와 오리 1.2kg,17900,황태와 오리를 사용한 고양이 사료,g,1200,C1z352,2024.7.10,"해피밀 황태와 오리 1.2kg은 반려견을 위한 프리미엄 사료입니다. 신선한 황태와 오리가 주원료로 사용되어 단백질이 풍부하며, 반려견의 근육과 뼈 건강을 지원합니다. 오메가-3와 오메가-6 지방산이 포함되어 있어 피부와 털 건강에도 도움을 줍니다. 소화가 잘 되는 성분들로 구성되어 있어 소화기 건강을 지원합니다. 모든 연령대의 반려견이 안전하게 먹을 수 있는 건강한 사료입니다.",
353,4,1,허즈 강아지 알러지 눈물사료 닭가슴살 908g,53000,강아지의 눈물 자극을 줄이고 건강한 피부와 모질을 지원하는 사료,g,908,D1z353,2024.7.11,"허즈 강아지 알러지 눈물사료 닭가슴살은 알레르기 문제를 겪는 반려견을 위해 설계된 사료입니다. 100% 순수 닭가슴살을 주원료로 하여, 고단백 저지방의 건강한 사료입니다. 눈물 자국을 줄이는 데 도움을 주는 성분이 포함되어 있으며, 추가적인 비타민과 미네랄이 반려견의 전반적인 건강을 지원합니다. 방부제와 인공 첨가물 없이 자연 재료만을 사용하여 민감한 반려견에게 적합합니다.",
354,4,1,허즈 강아지 알러지 눈물사료 오리 908g,65000,"강아지 알러지 눈물사료, 오리 908g",g,908,D1z354,2024.7.12,"허즈 강아지 알러지 눈물사료 오리는 908g의 대용량 패키지로 제공되며, 알러지 걱정 없이 안전하게 급여할 수 있는 사료입니다. 오리 주원료로 만들어져, 반려견의 민감한 피부와 소화 시스템을 고려하였습니다. 눈물 자국을 예방하고 건강을 지원하는 기능을 갖춘 제품입니다.",
355,4,1,허즈 강아지 알러지 눈물사료 칠면조 908g,53000,강아지 알러지를 위한 칠면조 맛 눈물 사료 908g,g,908,D1z355,2024.7.13,"허즈 강아지 알러지 눈물사료 칠면조 908g은 민감한 피부와 알러지에 도움이 되는 사료입니다. 칠면조 고기와 소화가 잘 되는 성분으로 제작되어 눈물 자국과 피부 자극을 최소화하며, 균형 잡힌 영양으로 건강한 식사를 제공합니다. 908g의 넉넉한 용량으로 지속적으로 사용할 수 있어 경제적입니다.",
356,10,1,헬로망치 대형견집,318000,대형견의 편안한 생활을 위한 공간적인 완벽함,X,1,D3a356,2024.7.14,"헬로망치 대형견집 HM-A9555는 대형견을 위한 넓고 편안한 집입니다. 튼튼한 구조와 방수 기능이 있는 재질로 외부 환경으로부터 보호하며, 넉넉한 내부 공간으로 대형견이 편안하게 쉴 수 있습니다. 조립이 간편하고 청소가 용이하여, 실용성과 편안함을 동시에 제공하는 제품입니다.",
357,24,1,헬로망치 프리미엄 대형 직조 캣타워 베이지,119000,고양이를 위한 완벽한 공간과 스타일을 제공하는 최고급 캣타워,X,1,C3z357,2024.7.15,"헬로망치 프리미엄 대형 직조 캣타워 DS8897 베이지는 대형 고양이들을 위한 캣타워입니다. 직조된 패브릭과 베이지 색상으로 고급스러운 외관을 자랑하며, 다양한 높이와 구조로 고양이의 놀이와 휴식을 지원합니다. 튼튼한 구조와 안정적인 디자인으로 여러 고양이들이 함께 사용할 수 있으며, 집안의 인테리어와 조화를 이루는 제품입니다.",
358,20,1,헬씨미요 고양이간식 가다랑어 100g,5700,"고양이 간식 가다랑어, 건강한 고단백 스낵",g,100,C2z358,2024.7.16,"헬씨미요 고양이 간식은 가다랑어로 만들어진 제품으로, 100g의 패키지로 제공됩니다. 가다랑어의 진한 맛과 향이 고양이의 입맛을 돋우어주며, 영양이 풍부하여 간식으로 적합합니다. 고양이의 건강과 행복을 고려한 제품으로, 간식 시간에 특별한 즐거움을 더해줍니다.",
359,20,1,헬씨미요 고양이간식 멸치 60g,4900,멸치로 만든 고양이 간식,g,60,C2z359,2024.7.17,"헬씨미요 고양이간식 멸치 60g은 고양이를 위한 맛있는 간식으로, 신선한 멸치를 주 원료로 사용합니다. 멸치는 고단백, 오메가-3가 풍부하여 고양이의 건강과 에너지를 지원하며, 바삭한 식감이 고양이의 미각을 자극합니다. 건강하고 맛있는 간식으로 고양이의 기분을 좋게 만들어 주며, 영양가 있는 보상을 제공합니다.",
360,20,1,헬씨미요 고양이간식 소고기 100g,5700,소고기로 만든 고양이 간식,g,100,C2z360,2024.7.18,"고양이의 입맛을 사로잡을 헬씨미요 고양이간식 소고기(100g)를 소개합니다! 신선한 소고기로 만든 이 간식은 고양이에게 필요한 단백질을 풍부하게 제공하며, 저지방으로 체중 관리에도 도움을 줍니다. 자연 그대로의 맛을 살려 인공 첨가물 없이 건강하게 만들었으며, 민감한 고양이도 안심하고 먹을 수 있습니다. 한 입 크기로 손쉽게 급여할 수 있어 간편하고, 소고기의 풍미가 고양이의 식욕을 자극해 훈련 시에도 효과적입니다. 헬씨미요 고양이간식 소고기 100g으로 사랑하는 고양이에게 특별한 맛과 영양을 선물하세요!",
361,18,1,헬씨미요 고양이간식 참치 100g,5700,고양이를 위한 신선한 참치 간식,g,100,C2a361,2024.7.19,"헬씨미요 고양이간식 참치는 신선한 참치를 사용하여 고양이의 기호성과 건강을 모두 만족시키는 제품입니다. 고단백 저지방으로 체중 관리를 돕고, 필수 영양소가 고양이의 건강을 지원합니다. 작은 포장으로 신선하게 급여할 수 있어 간식 시간마다 즐거움을 선사합니다.",
362,20,1,헬씨미요 고양이간식 참치슬라이스50g,7200,참치로 만든 고양이 간식,g,50,C2z362,2024.7.20,"헬씨미요 고양이간식 참치 슬라이스 50g은 신선한 참치를 사용하여 만든 건강한 간식입니다. 고단백 저지방으로 반려묘의 건강과 체중 관리를 동시에 할 수 있습니다. 인공 첨가물 없이 자연 그대로의 맛을 담아, 까다로운 입맛의 고양이도 만족시킵니다. 슬라이스 형태로 쉽게 급여할 수 있으며, 훈련 시 보상 간식으로도 이상적입니다. 반려묘의 기분 전환과 영양 보충에 탁월한 선택입니다.",
363,34,1,형광공,2000,"형광공, 반려견 놀이용 장난감",개,1,Z3a363,2024.7.21,"형광공은 반려동물이 놀이 시간을 더욱 즐겁게 해주는 장난감입니다. 밝은 형광색으로 시각적으로 돋보이며, 반려동물의 흥미를 끌어줍니다. 다양한 표면 질감과 움직임으로 반려동물의 놀이 본능을 자극하고 운동량을 늘려주는 제품입니다. 내구성이 뛰어나며, 튼튼하게 만들어져 장시간 사용할 수 있습니다.",
364,8,1,후코홀릭 황태와야채 120g,4800,"황태와 다양한 채소가 들어간 고양이 간식으로, 영양이 풍부합니다.",g,120,D2z364,2024.7.22,"황태와 야채 120g은 반려견을 위한 건강 간식입니다. 신선한 황태와 다양한 야채를 사용하여 단백질과 비타민, 미네랄이 풍부하게 함유되어 있습니다. 저지방 고단백으로 반려견의 체중 관리에 도움을 주며, 자연 그대로의 맛과 영양을 제공합니다. 작은 크기로 쉽게 급여할 수 있으며, 간식으로나 훈련 보상으로 적합합니다. 인공 첨가물 없이 자연 재료만 사용하여 반려견이 안심하고 먹을 수 있습니다.",
365,8,1,후코이단 120g,7400,강아지 건강에 도움을 주는 후코이단 120g,g,120,D2z365,2024.7.23,"후코이단은 120g의 패키지로 제공되는 보충제입니다. 면역력 증진과 항산화 효과를 지원하는 성분으로, 반려동물의 건강을 유지하는 데 도움을 줍니다. 정기적인 급여로 전반적인 건강 개선에 기여하며, 건강한 삶을 위한 필수 보충제입니다.",
,,,,,,,,,,,
category_id,pet_type,item_type,age_type,,,,,,,,
1,Dog,사료,junior,,,,,,,,
2,Dog,사료,adult,,,,,,,,
3,Dog,사료,senior,,,,,,,,
4,Dog,사료,for all,,,,,,,,
5,Dog,간식,junior,,,,,,,,
6,Dog,간식,adult,,,,,,,,
7,Dog,간식,senior,,,,,,,,
8,Dog,간식,for all,,,,,,,,
9,Dog,용품,junior,,,,,,,,
10,Dog,용품,adult,,,,,,,,
11,Dog,용품,senior,,,,,,,,
12,Dog,용품,for all,,,,,,,,
13,Cat,사료,junior,,,,,,,,
14,Cat,사료,adult,,,,,,,,
15,Cat,사료,senior,,,,,,,,
16,Cat,사료,for all,,,,,,,,
17,Cat,간식,junior,,,,,,,,
18,Cat,간식,adult,,,,,,,,
19,Cat,간식,senior,,,,,,,,
20,Cat,간식,for all,,,,,,,,
21,Cat,용품,junior,,,,,,,,
22,Cat,용품,adult,,,,,,,,
23,Cat,용품,senior,,,,,,,,
24,Cat,용품,for all,,,,,,,,
25,for all,사료,junior,,,,,,,,
26,for all,사료,adult,,,,,,,,
27,for all,사료,senior,,,,,,,,
28,for all,사료,for all,,,,,,,,
29,for all,간식,junior,,,,,,,,
30,for all,간식,adult,,,,,,,,
31,for all,간식,senior,,,,,,,,
32,for all,간식,for all,,,,,,,,
33,for all,용품,junior,,,,,,,,
34,for all,용품,adult,,,,,,,,
35,for all,용품,senior,,,,,,,,
36,for all,용품,for all,,,,,,,,